job_id,posted_date
JN-012026-6923297,2026-01-30
JN-012026-6924150,2026-01-19
JN-012026-6931761,2026-01-27
JN-012026-6931914,2026-01-27
JN-012026-6931923,2026-01-27
JN-012026-6934189,2026-01-29
JN-012026-6935126,2026-01-30
JN-012026-6935153,2026-02-17
JN-022026-6937971,2026-02-03
JN-022026-6938139,2026-02-03
JN-022026-6941601,2026-02-06
JN-022026-6943686,2026-03-23
JN-022026-6948493,2026-02-18
JN-022026-6949519,2026-02-17
JN-022026-6950456,2026-02-27
JN-022026-6952531,2026-03-23
JN-022026-6952559,2026-03-12
JN-022026-6952605,2026-02-25
JN-022026-6952767,2026-02-21
JN-022026-6956362,2026-03-02
JN-022026-6956372,2026-02-25
JN-022026-6957244,2026-03-12
JN-022026-6958910,2026-03-12
JN-032026-6963659,2026-03-05
JN-032026-6964481,2026-03-18
JN-032026-6967334,2026-03-10
JN-032026-6968306,2026-03-11
JN-032026-6969250,2026-03-12
JN-032026-6970148,2026-03-12
JN-032026-6970255,2026-03-12
JN-032026-6973396,2026-03-18
JN-032026-6974311,2026-03-18
JN-032026-6977545,2026-03-23
JN-032026-6978946,2026-03-30
JN-032026-6979968,2026-03-25
JN-032026-6982362,2026-03-27
JN-032026-6983670,2026-03-30
JN-032026-6983820,2026-03-30
JN-042026-6985842,2026-04-07
JN-042026-6986766,2026-04-15
JN-042026-6986768,2026-04-10
JN-042026-6986913,2026-04-03
JN-042026-6987126,2026-05-08
JN-042026-6987150,2026-04-21
JN-042026-6987157,2026-04-15
JN-042026-6987160,2026-04-10
JN-042026-6987173,2026-04-02
JN-042026-6987193,2026-04-02
JN-042026-6987912,2026-04-08
JN-042026-6988387,2026-04-08
JN-042026-6991432,2026-04-09
JN-042026-6993205,2026-04-14
JN-042026-6993269,2026-04-15
JN-042026-6993387,2026-04-15
JN-042026-6994529,2026-04-14
JN-042026-6994543,2026-05-21
JN-042026-6994764,2026-04-14
JN-042026-6996576,2026-04-24
JN-042026-6998432,2026-04-21
JN-042026-6998549,2026-05-12
JN-042026-7001096,2026-04-22
JN-042026-7001912,2026-04-30
JN-042026-7003124,2026-04-24
JN-052026-7008722,2026-05-04
JN-052026-7009883,2026-05-05
JN-052026-7010865,2026-05-21
JN-052026-7012036,2026-05-13
JN-052026-7017023,2026-05-14
JN-052026-7017025,2026-05-14
JN-052026-7017301,2026-05-22
JN-052026-7018049,2026-05-19
JN-052026-7018729,2026-06-16
JN-052026-7022016,2026-05-21
JN-052026-7022500,2026-05-22
JN-052026-7023972,2026-05-23
JN-052026-7024001,2026-05-29
JN-052026-7024322,2026-05-25
JN-052026-7025823,2026-05-27
JN-052026-7029110,2026-06-17
JN-062026-7030373,2026-06-08
JN-062026-7031404,2026-06-03
JN-062026-7031721,2026-06-03
JN-062026-7031918,2026-06-03
JN-062026-7032508,2026-06-05
JN-062026-7033642,2026-06-08
JN-062026-7034081,2026-06-05
JN-062026-7035931,2026-06-16
JN-062026-7036678,2026-06-15
JN-062026-7037109,2026-06-15
JN-062026-7038177,2026-06-11
JN-062026-7038828,2026-06-16
JN-062026-7041193,2026-06-16
JN-062026-7044551,2026-06-19
JN-062026-7045025,2026-06-22
JN-072025-6779871,2025-07-02
JN-092025-6838416,2026-03-26
JN-092025-6845902,2026-05-12
JN-102025-6852902,2026-03-22
JN-112025-6880795,2026-01-23
JN-112025-6884032,2026-06-08
JN-112025-6886235,2025-11-19
JN-122025-6901757,2026-01-08
