job_id,title,company,search_query
6165ebe9f7d994ee,OT Incharge,Surgenesis Hospital,nurse
bf7e1fcb98ff72fe,community Medicine,Voxtur Communication Private Limited,physician
5ffee54735cb3248,Sr Invoicing Analyst,Egnyte,medical billing
a92a03597a1a9d70,Licensed Mental Health Professional Annotator,Destinare services,clinical research
933a188a72516313,Data Officer,ProductLife Group,pharmacovigilance
b247f8293ce56301,"Regulatory Consultant (CMC-EU, GCC & AU)",Syneos - Clinical and Corporate - Prod,pharmacovigilance
319bcdd522836e2c,"Consultant, Regulatory Operations",Syner-G,pharmacovigilance
42bf6e0089457549,Hindi Script Writer,Nidhii Skincare,medical writer
f9df214f43085154,Hindi Annotator,"e2f, inc.",medical transcriptionist
