source,job_id,workday_site,title,company,hiring_org,city,country,country_code,location,additional_locations,time_type,job_type,salary_raw,salary_min_monthly,salary_max_monthly,salary_period_original,category,sub_category,role_family,all_families,family_scores,family_confidence,matched_in,needs_review,experience_min_years,posted_date,description,job_url,scraped_at
clarioclinical,R17087,clarioclinical_careers,Senior Full Stack Software Engineer,Clario,,Budapest,Hungary,HU,2 Locations,Hungary Remote,Full time,remote,Not Disclosed,,,,,,,,,,,False,,2026-08-28,"At Clario, part of Thermo Fisher Scientific, we develop regulated technology that helps unlock better evidence and improve patient outcomes worldwide. Our software platforms support clinical trials, diagnostics, and medical decision ‑ making in highly controlled regulatory environments. We are expanding our global R&D teams and seeking several Senior Full Stack Software Engineers with deep experience in C#, .NET, and Angular to help build Clario’s unified cloud platform powering Digital Physiology, eCOA, and Medical Imaging solutions. As a senior engineer, you will work across a modern, service‑oriented architecture—leading the development of scalable, secure, high‑performance systems that support global clinical trials and accelerate advancements in healthcare worldwide. What We Offer Competitive compensation Attractive benefits focused on security, flexibility, support, and well‑being Engaging employee programs Remote/Hybrid working options in Hungary OTP Szép Card Excellent learning, development, and career progression opportunities What You’ll Be Doing Design and develop scalable backend services and applications using C#/.NET Build, integrate, and optimize RESTful APIs and SQL Server performance Contribute to front‑end components with Angular where applicable Implement automated testing, CI/CD workflows, and high‑quality engineering standards Collaborate closely with Product, QA, DevOps, and architecture groups Troubleshoot complex production issues and drive root‑cause resolution Influence system architecture and propose pragmatic, high‑impact improvements Provide technical leadership and mentorship to engineers across the team Document designs, decisions, and operational runbooks for clarity and continuity What We’re Looking For Bachelor’s degree in Computer Science or equivalent experience 4+ years of professional software engineering experience delivering enterprise‑grade solutions Strong professional experience with C# and the .NET ecosystem Hands‑on experience developing SPAs with Angular (or another modern TypeScript framework) Solid understanding of object‑oriented design, modular architectures, and scalable backend services Experience influencing technical direction and guiding engineering outcomes Strong communication skills and ability to collaborate effectively Based in or able to work from Hungary (remote/hybrid options available) At Clario, our purpose is to transform lives by unlocking better evidence. It’s a cause that unites and inspires us. It’s why we come to work—and how we empower our people to make a positive impact every day. Whether you're advancing clinical science, building innovative technology, or supporting our global teams, your work helps bring life-changing therapies to patients faster.",https://clarioclinical.wd1.myworkdayjobs.com/clarioclinical_careers/job/Budapest/Senior-Software-Engineer_R17087,2026-08-28T11:52:51Z
clarioclinical,R17953,clarioclinical_careers,Associate Software Quality Engineer,Clario,US Biomedical Systems India Pvt Ltd.,India Remote,India,IN,India Remote,,Full time,remote,Not Disclosed,,,,,,,,,,,False,2,2026-08-27,"Join Clario, a part of Thermo Fisher Scientific and help deliver innovative eCOA solutions that support clinical trials worldwide. As an Associate Software Quality Engineer, you will contribute to software quality and validation activities for enterprise-level healthcare technology solutions. Working within an Agile development environment, you will execute testing activities, support validation documentation, collaborate with software development teams, and help ensure the delivery of high-quality, compliant software products. This is an excellent opportunity for an early-career quality professional looking to build expertise in software testing, validation, and regulated healthcare technology. What We Offer Competitive pay and incentives Provident fund and medical insurance Engaging employee programs and local events Modern office spaces and remote work flexibility Opportunities for learning, career growth, and professional development within a global organization What You’ll Be Doing Support validation and quality assurance activities for eCOA software products in accordance with established SOPs, work instructions, and quality standards. Participate in software testing activities, including test reviews, test execution, and test witnessing within an Agile development environment. Review product requirements, functional specifications, test plans, and related documentation to support comprehensive test coverage. Assist in planning test efforts and identifying testing scope based on project requirements and release schedules. Execute manual and automated test cases, document results, and maintain testing evidence in accordance with quality procedures. Collaborate with software engineers, quality assurance team members, database administrators, and system administrators to investigate and resolve testing issues. Support defect identification, documentation, tracking, and verification activities throughout the software development lifecycle. Assist with troubleshooting test failures across multiple testing environments. Contribute to the development and maintenance of test documentation and validation deliverables. Ensure timely completion of required training, documentation, and compliance activities. Participate in process improvement initiatives to enhance testing quality, efficiency, and consistency. Support cross-functional collaboration and contribute to a positive team environment focused on quality and continuous improvement. What We Look For Bachelor’s degree in Information Technology, Computer Science, Software Engineering, or a related field, or equivalent practical experience. 0 to 2 years of experience in software quality assurance, software testing, validation, or a related technical discipline. Familiarity with software testing methodologies, testing processes, and software development lifecycle concepts. Experience or exposure to manual and automated testing tools and techniques. Understanding of Agile software development methodologies preferred. Exposure to regulated industries such as healthcare, life sciences, medical devices, clinical research, or pharmaceutical technology is a plus. Knowledge of cloud technologies, Amazon Web Services (AWS), automation, or DevOps practices is preferred. Strong analytical and problem-solving skills with the ability to investigate issues and recommend solutions. Ability to adapt quickly to changing priorities and evolving project requirements. Strong attention to detail and commitment to delivering high-quality work. Effective verbal and written English communication skills. Ability to work collaboratively within cross-functional teams while also managing assigned responsibilities independently. At Clario, a part of Thermo Fisher Scientific, a part of Thermo Fisher Scientific, our purpose is to transform lives by unlocking better evidence. It’s a cause that unites and inspires us. It’s why we come to work—and how we empower our people to make a positive impact every day. Whether you're advancing clinical science, building innovative technology, or supporting our global teams, your work helps bring life-changing therapies to patients faster.",https://clarioclinical.wd1.myworkdayjobs.com/clarioclinical_careers/job/India-Remote/Associate-Software-Quality-Engineer_R17953-2,2026-08-28T11:52:58Z
clarioclinical,R18177,clarioclinical_careers,"Associate Director, Pricing & Proposals",Clario,,United States Remote,United States,US,United States Remote,,Full time,remote,Not Disclosed,,,,,,,,,,,False,10,2026-08-27,"Lead a global Pricing & Proposals (P&P) team supporting Clario's Digital Physiology business unit. This role is responsible for overseeing pricing, proposals, Statements of Service (SOS), and change order development. The Associate Director will continuously evaluate current processes and implement improvements to ensure operational efficiency and effectiveness while driving departmental and organizational strategic initiatives. What We Offer Competitive compensation aligned to the U.S. market Comprehensive health, retirement, and wellness benefits Opportunities to work on global, high‑impact clinical programs Collaboration with leading scientists, clinicians, and technologists Ongoing professional development and research engagement What You’ll Be Doing Lead a team responsible for the development of high-quality pricing documents, proposals, change orders, Statements of Service (SOS), and other client-required documents within established SLAs, client deadlines, and company policies and procedures. Identify opportunities for continuous process improvement to drive efficiency and lead initiatives related to process optimization and system enhancements. Support the design, implementation, and ongoing adoption of new technologies and departmental tools, including bidding and pricing platforms. Drive compliance with and adoption of departmental systems, tools, processes, and best practices. Develop, enhance, and maintain KPI reporting tools and provide regular reporting on business unit-specific departmental metrics. Build and maintain strong relationships with key stakeholders. Defining career paths and development opportunities for team members. Developing training and professional development programs. Communicating performance expectations and objectives. Planning, monitoring, and evaluating team performance. What We Look For Bachelor's degree required. MBA preferred; equivalent relevant experience may be considered in lieu of an MBA. 10+ years of experience in pricing and proposals, preferably within the pharmaceutical, biotechnology, clinical research, or CRO industry. 7+ years of people leadership, management, or supervisory experience preferred. Advanced proficiency in Microsoft Excel, Word, and PowerPoint. Experience with Salesforce.com preferred. Additional skills & competencies Ability to work effectively both independently and within a team environment. Exceptional attention to detail and commitment to delivering high-quality work. Excellent verbal and written communication skills. Demonstrated change management and process improvement capabilities. At Clario, part of Thermo Fisher Scientific, our purpose is to transform lives by unlocking better evidence. It’s a cause that unites and inspires us. It’s why we come to work—and how we empower our people to make a positive impact every day. Whether you're advancing clinical science, building innovative technology, or supporting our global teams, your work helps bring life-changing therapies to patients faster. EEO statement Clario is an equal opportunity employer. Clario evaluates qualified applicants without regard to race, color, religion, gender, national origin, age, sexual orientation, gender identity or expression, protected veteran status, disability/handicap status or any other legally protected characteristic.",https://clarioclinical.wd1.myworkdayjobs.com/clarioclinical_careers/job/United-States-Remote/Associate-Director--Pricing---Proposals_R18177,2026-08-28T11:53:03Z
clarioclinical,R17746,clarioclinical_careers,Technical Product Manager,Clario,eResearch Technology Inc,United States Remote,United States,US,United States Remote,,Full time,remote,Not Disclosed,,,,,,,,,,,False,3,2026-08-27,"At Clario, part of Thermo Fisher Scientific, we develop regulated technology that helps unlock better evidence and improve patient outcomes worldwide. Our software platforms support clinical trials, diagnostics, and medical decision-making in highly controlled regulatory environments. As a Technical Product Manager within our Product Management organization, you will help shape the future of cardiac safety solutions used in clinical trials around the world. Working at the intersection of business strategy, user needs, and technology, you will drive the development of products that support the collection, management, and interpretation of cardiac data. If you are passionate about building innovative healthcare technology and delivering meaningful outcomes for patients, we encourage you to apply. What We Offer Competitive compensation Health, dental, and vision coverage 401(k) retirement plan with company match Paid time off and company holidays Flexible remote work options What You’ll Be Doing Partner with Product Line Leaders and Upstream Product Managers to align product initiatives with portfolio strategy and long-term product vision. Develop and maintain multi-year product roadmaps, ensuring alignment between business objectives, customer needs, and launch plans. Collaborate with engineering and UX teams to define product architecture, user experiences, workflows, and innovative capabilities across Cardiac Safety solutions. Translate customer and stakeholder needs into clear, evidence-based requirements while balancing technical debt, architecture, and new feature development. Lead cross-functional release planning, launch readiness activities, and continuous improvement efforts while serving as a subject matter expert across the organization. What We Look For Bachelor’s degree in business, science, technology, medicine, or a related field; MBA preferred. Minimum 3 years of product management experience. Experience within healthcare, life sciences, clinical research, or clinical trials environments. Full product lifecycle experience, including product planning, development, launch, and ongoing optimization. Strong technical acumen with the ability to translate business requirements into actionable guidance for technical teams. Experience collaborating with UX/UI teams to design user and data workflows. Demonstrated ability to work directly with customers and incorporate user feedback into product decisions. Proven ability to prioritize competing initiatives and align activities with strategic business objectives. Experience influencing diverse stakeholder groups and leading cross-functional collaboration. Strong analytical and data-driven decision-making skills in agile environments. Excellent written, verbal, and presentation communication skills in English. Ability to travel up to 25% as business needs require. Experience managing medical devices that acquire physiological signals used for monitoring or diagnosis, such as ECG systems. At Clario, our purpose is to transform lives by unlocking better evidence. It’s a cause that unites and inspires us. It’s why we come to work—and how we empower our people to make a positive impact every day. Whether you're advancing clinical science, building innovative technology, or supporting our global teams, your work helps bring life-changing therapies to patients faster. Clario is an equal opportunity employer. We celebrate diversity and are committed to creating an inclusive environment for all employees. All qualified applicants will receive consideration for employment without regard to race, color, religion, gender, gender identity or expression, sexual orientation, national origin, genetics, disability.",https://clarioclinical.wd1.myworkdayjobs.com/clarioclinical_careers/job/United-States-Remote/Technical-Product-Manager_R17746,2026-08-28T11:53:05Z
clarioclinical,R17859,clarioclinical_careers,Senior Software Engineer (Angular/TypeScript),Clario,NeuroRx,Canada Remote,Canada,CA,Canada Remote,,Full time,remote,Not Disclosed,,,,,,,,,,,False,,2026-08-26,"At Clario, part of Thermo Fisher Scientific we’re looking for a Senior Software Engineer with strong Angular and TypeScript expertise to help design and build modern, scalable user interfaces powering Clario’s healthcare technology platform. In this role, you will play a key part in developing high-quality front-end applications while collaborating closely with backend engineers building cloud-native services. You will influence front-end architecture, mentor peers, and deliver secure, resilient solutions in a fast-paced Agile environment. What You’ll Do Design, develop, and maintain modern Angular applications using TypeScript, focusing on performance, scalability, and maintainability. Build reusable UI components, manage state effectively, and implement responsive, user-friendly interfaces. Collaborate closely with backend engineers to integrate RESTful APIs and microservices built with C#/.NET. Ensure seamless integration between front-end applications and backend services. Optimize front-end performance, accessibility, and overall user experience. Participate in architecture discussions and help drive front-end best practices and standards across the engineering team. Implement automated testing and contribute to CI/CD pipelines to ensure high-quality releases. Troubleshoot complex production issues and support root cause analysis. Mentor other engineers and contribute to improving front-end development practices. Champion the adoption of AI-assisted development tools (e.g., GitHub Copilot, Tabnine) to improve productivity and code quality. Collaborate closely with Product, QA, DevOps, and cross-functional teams to deliver high-quality products on schedule. Participate actively in Agile or SAFe development processes and continuously evaluate new technologies to improve development workflows. What We’re Looking For Bachelor’s degree in Computer Science or equivalent practical experience. 3+ years of professional software engineering experience. Strong expertise in Angular (modern versions) and TypeScript. Experience building complex, scalable front-end applications. Experience integrating front-end applications with RESTful APIs and backend services. Familiarity with modern front-end architecture patterns, component design, and state management. Experience working with Git-based workflows, CI/CD pipelines, and modern development practices. Understanding of backend technologies such as C#/.NET microservices is beneficial. Experience working in Agile development environments (Scrum, Kanban, SAFe). Strong communication skills and ability to collaborate with cross-functional teams. Interest or experience using AI-assisted coding tools to improve development workflows. We are an equal opportunity employer and all qualified applicants will receive consideration for employment without regard to race, color, religion, sex, national origin, disability status, protected veteran status, or any other characteristic protected by law. The duties and responsibilities listed in this job description represent the major responsibilities of the position. Other duties and responsibilities may be assigned, as required. Clario reserves the right to amend or change this job description to meet the needs of Clario. This job description and any attachments do not constitute or represent a contract. The Department Head has the discretion to hire personnel with a combination of experience and education, which may vary from the above listed qualifications.",https://clarioclinical.wd1.myworkdayjobs.com/clarioclinical_careers/job/Canada-Remote/Senior-Software-Engineer--Angular-TypeScript-_R17859,2026-08-28T11:53:18Z
clarioclinical,R17661,clarioclinical_careers,Sr. Validation Services Analyst,Clario,US Biomedical Systems India Pvt Ltd.,Bangalore,India,IN,"Bangalore, India",,Full time,full_time,Not Disclosed,,,,,,,,,,,False,10,2026-08-26,"At Clario, part of Thermo Fisher Scientific, you’ll play a key role in ensuring our clinical technology solutions are accurate, reliable, and rigorously validated to support sponsors, sites, and ultimately patients. In this role, you will lead validation activities, mentor team members, and uphold the highest standards of software quality in a regulated environment. You’ll collaborate closely with development, technical, and business teams to shape robust solutions and drive continuous improvement across our validation practices. What We Offer Competitive compensation, incentives, and shift allowances Attractive benefits (Provident Fund, Medical Insurance & more) Engaging employee programs & local events Technology for remote/hybrid working and excellent onsite facilities in Bangalore What You’ll Be Doing Experience in writing complex SQL queries and experience with any data visualization tool is preferable e.g., Tableau, Power BI Good exposure of Software Testing methodologies, Implementation of Data Lakes, Data warehouse/ETL projects , Big Data projects in On-Premises & Cloud Environments Experienced in SAS applications and Python Programming Ability to write SQL queries to conduct data validations and probe quality issues with data Experience in Project Delivery Methodologies: SDLC, Iterative, Agile, Scrum, Kanban Experience in ALM Tools like JIRA, TFS (Azure Devops) & Confluence Exploring new opportunities to add value to organization and departmental processes Working with internal staff including technical staff, project and product managers and applications developers to assist with the review of project specifications Performing other duties as assigned and deemed necessary Attending and participating in applicable company-sponsored training Educating/Training other validation services team members to ensure quality deliverables Reading, understanding, and adhering to organizational Standard Operating Procedures (SOPs) Establishing and enforcing departmental standards Exploring new opportunities to add value to organization and departmental processes Knowledge on data quality fundamentals and data governance concepts Hands-on experience with all levels of testing includes Smoke Testing, Integration Testing, System Testing and Regression Testing Knowledge of PL-SQL, PySpark & SQL, on framing and tuning the Queries so that it covers all the data scenarios Accountable for high quality and on time delivery for task assigned Perform RCA and CAPA for quality issues, and Perform risk assessment and mitigate risk Experienced in ETL tools like Informatica Power Center, SAAS, PL-SQL Experienced in Test Data preparation to check the scenarios Loading\Running the End-to-End jobs and verifying the Data loading from Source to Reports\Dashboards Involved in end-to-end Testing Ability to handle multiple tasks and work independently as well as in a team Coordinating the creation and execution of automated test scripts in support of application releases Creating associated validation documentation using defined documentation methods Evaluating and directing validation and quality assurance approaches Assisting in the generation of status reports Tracking all software versions, features, bugs, and validation efforts for all software created and/or modified by the Development teams Good knowledge in MS Office Tools Tracking all software versions, features, bugs and validation efforts for all software created and/or modified by the Development teams Developing and utilizing test data sets Creating and executing manual test scrips which includes testing software applications for quality and functionality using defined validation protocol and testing techniques Creating associated validation documentation using defined documentation methods Working with application developers in resolving issues and retesting applications Good verbal and written communication What We Look For Bachelor’s degree required in computer sciences, or equivalent and relevant work experience in a software Testing environment Around 7 to 10 years of experience in Software Quality Testing In-depth understanding of software quality assurance, preferably in a Clinical Data environment Ability to write complex SQL queries to conduct data validations and probe quality issues with data Experience in Database objects (Snowflake preferred) Strong experience in Project Delivery Methodologies: SDLC, Iterative, Agile, Scrum, Kanban Good knowledge and understanding of the Software Testing Life Cycle (STLC) testing methodology and document management.\ Proficiency in the use of Microsoft Office Suite of tools (Outlook, Word, Excel, Access, PPT etc.) Strong track record of creating test plans and writing test cases based on product requirements Experience working closely with development and business teams to communicate problem impacts and to understand business requirements Experience in test automation and testing frameworks (preferred) Shows creativity and initiative to improve product test coverage and effectiveness (preferred) Comfortable in communicating cross-functionality teams and across management levels Experience with web-based SAS platforms (preferred) Working knowledge of the drug development process including knowledge of FDA requirements for GxPs and 21 CFR Part 11 required Knowledge of cloud-based testing preferred knowledge in programming like Python (preferred) Demonstrates required verbal and written communication skills including ability to communicate remotely At Clario, our purpose is to transform lives by unlocking better evidence. It’s a cause that unites and inspires us. It’s why we come to work—and how we empower our people to make a positive impact every day. Whether you're advancing clinical science, building innovative technology, or supporting our global teams, your work helps bring life‑changing therapies to patients faster.",https://clarioclinical.wd1.myworkdayjobs.com/clarioclinical_careers/job/Bangalore-India/Sr-Validation-Services-Analyst_R17661-1,2026-08-28T11:53:27Z
clarioclinical,R18174,clarioclinical_careers,Mobile Platform Technical Lead,Clario,,Canada Remote,Canada,CA,Canada Remote - Consultant use only,,Full time,remote,Not Disclosed,,,,,,,,,,,False,5,2026-08-25,"At Clario, part of Thermo Fisher Scientific, we develop regulated technology that helps unlock better evidence and improve patient outcomes worldwide. Our software platforms support clinical trials, diagnostics, and medical decision-making in highly controlled regulatory environments. As a Mobile Platform Technical Lead, you will shape how our mobile applications are built, tested, and delivered to users around the world. This is a hands-on technical leadership role focused initially on strengthening and automating our mobile delivery platform. You may come from mobile engineering, Mobile DevOps, build engineering, or release engineering. What matters most is that you have real-world experience shipping Android or iOS applications to production and are excited to take deeper ownership of the CI/CD, automation, and engineering practices behind reliable mobile delivery. As our delivery platform matures, you’ll also have opportunities to contribute your mobile engineering expertise more broadly. If you enjoy solving complex mobile delivery challenges while staying close to engineering, we’d love to hear from you. What We Offer Competitive compensation Paid time off and company holidays Opportunities to learn and grow within a global healthcare organization What You'll Be Doing Provide hands-on technical leadership for Clario’s mobile delivery roadmap, mentoring engineers, setting technical direction, and removing delivery blockers. Design, build, maintain, and continuously improve CI/CD pipelines for Android or iOS applications across build, automated test, signing, and release stages. Own and automate the mobile release lifecycle, including versioning, certificates, provisioning profiles, keystores, secrets, and deployment through Apple App Store or Google Play. Troubleshoot complex mobile build, signing, pipeline, and store-deployment issues while improving reliability, security, monitoring, build performance, and developer experience. Partner with Mobile Engineering, QA, Security, and Product teams to establish scalable delivery practices and contribute to broader mobile engineering initiatives as the platform evolves. What We Look For Bachelor’s degree in Computer Science, Software Engineering, Information Technology, or equivalent practical experience. 5+ years of relevant experience across mobile software development, Mobile DevOps, build engineering, release engineering, or related areas. Hands-on experience shipping Android or iOS applications to production through Google Play or the Apple App Store, with practical knowledge of the mobile release lifecycle. Experience with mobile CI/CD, build or release automation using tools such as Fastlane, GitLab CI, GitHub Actions, Azure DevOps, Jenkins, Codemagic, CircleCI, or similar. Experience with mobile signing and release requirements, such as certificates, provisioning profiles, keystores, secrets management, and store submission. Strong software development or scripting skills using Swift, Kotlin, Bash, Python, or similar technologies, with an interest in mobile delivery automation and developer tooling. Proven ability to lead technical initiatives, mentor engineers, troubleshoot complex problems, and drive delivery while remaining hands-on. Strong communication and collaboration skills, with the ability to work across engineering, QA, security, and product teams. Experience with Docker, Kubernetes, Helm, cloud-native platforms, C#/.NET MAUI, LaunchDarkly, or AI-assisted developer tooling is beneficial. At Clario, our purpose is to transform lives by unlocking better evidence. It’s a cause that unites and inspires us. It’s why we come to work—and how we empower our people to make a positive impact every day. Whether you're advancing clinical science, building innovative technology, or supporting our global teams, your work helps bring life-changing therapies to patients faster. Clario is an equal opportunity employer. We celebrate diversity and are committed to creating an inclusive environment for all employees. All qualified applicants will receive consideration for employment without regard to race, color, religion, gender, gender identity or expression, sexual orientation, national origin, genetics, disability, age, or veteran status.",https://clarioclinical.wd1.myworkdayjobs.com/clarioclinical_careers/job/Canada-Remote---Consultant-use-only/Mobile-Platform-Technical-Lead_R18174,2026-08-28T11:53:29Z
clarioclinical,R18173,clarioclinical_careers,Mobile Platform Technical Lead,Clario,,Ankara,Turkey,TR,"Ankara, Turkey",,Full time,full_time,Not Disclosed,,,,,,,,,,,False,5,2026-08-25,"At Clario, part of Thermo Fisher Scientific, we develop regulated technology that helps unlock better evidence and improve patient outcomes worldwide. Our software platforms support clinical trials, diagnostics, and medical decision-making in highly controlled regulatory environments. As a Mobile Platform Technical Lead, you will shape how our mobile applications are built, tested, and delivered to users around the world. This is a hands-on technical leadership role focused initially on strengthening and automating our mobile delivery platform. You may come from mobile engineering, Mobile DevOps, build engineering, or release engineering. What matters most is that you have real-world experience shipping Android or iOS applications to production and are excited to take deeper ownership of the CI/CD, automation, and engineering practices behind reliable mobile delivery. As our delivery platform matures, you’ll also have opportunities to contribute your mobile engineering expertise more broadly. If you enjoy solving complex mobile delivery challenges while staying close to engineering, we’d love to hear from you. What We Offer Competitive compensation Paid time off and company holidays Opportunities to learn and grow within a global healthcare organization What You'll Be Doing Provide hands-on technical leadership for Clario’s mobile delivery roadmap, mentoring engineers, setting technical direction, and removing delivery blockers. Design, build, maintain, and continuously improve CI/CD pipelines for Android or iOS applications across build, automated test, signing, and release stages. Own and automate the mobile release lifecycle, including versioning, certificates, provisioning profiles, keystores, secrets, and deployment through Apple App Store or Google Play. Troubleshoot complex mobile build, signing, pipeline, and store-deployment issues while improving reliability, security, monitoring, build performance, and developer experience. Partner with Mobile Engineering, QA, Security, and Product teams to establish scalable delivery practices and contribute to broader mobile engineering initiatives as the platform evolves. What We Look For Bachelor’s degree in Computer Science, Software Engineering, Information Technology, or equivalent practical experience. 5+ years of relevant experience across mobile software development, Mobile DevOps, build engineering, release engineering, or related areas. Hands-on experience shipping Android or iOS applications to production through Google Play or the Apple App Store, with practical knowledge of the mobile release lifecycle. Experience with mobile CI/CD, build or release automation using tools such as Fastlane, GitLab CI, GitHub Actions, Azure DevOps, Jenkins, Codemagic, CircleCI, or similar. Experience with mobile signing and release requirements, such as certificates, provisioning profiles, keystores, secrets management, and store submission. Strong software development or scripting skills using Swift, Kotlin, Bash, Python, or similar technologies, with an interest in mobile delivery automation and developer tooling. Proven ability to lead technical initiatives, mentor engineers, troubleshoot complex problems, and drive delivery while remaining hands-on. Strong communication and collaboration skills, with the ability to work across engineering, QA, security, and product teams. Experience with Docker, Kubernetes, Helm, cloud-native platforms, C#/.NET MAUI, LaunchDarkly, or AI-assisted developer tooling is beneficial. At Clario, our purpose is to transform lives by unlocking better evidence. It’s a cause that unites and inspires us. It’s why we come to work—and how we empower our people to make a positive impact every day. Whether you're advancing clinical science, building innovative technology, or supporting our global teams, your work helps bring life-changing therapies to patients faster. Clario is an equal opportunity employer. We celebrate diversity and are committed to creating an inclusive environment for all employees. All qualified applicants will receive consideration for employment without regard to race, color, religion, gender, gender identity or expression, sexual orientation, national origin, genetics, disability, age, or veteran status.",https://clarioclinical.wd1.myworkdayjobs.com/clarioclinical_careers/job/Ankara-Turkey/Mobile-Platform-Technical-Lead_R18173,2026-08-28T11:53:31Z
clarioclinical,R18046,clarioclinical_careers,Mobile Platform Technical Lead,Clario,,Costa Rica Remote,Costa Rica,CR,Costa Rica Remote,,Full time,remote,Not Disclosed,,,,,,,,,,,False,5,2026-08-25,"At Clario, part of Thermo Fisher Scientific, we develop regulated technology that helps unlock better evidence and improve patient outcomes worldwide. Our software platforms support clinical trials, diagnostics, and medical decision-making in highly controlled regulatory environments. As a Mobile Platform Technical Lead, you will shape how our mobile applications are built, tested, and delivered to users around the world. This is a hands-on technical leadership role focused initially on strengthening and automating our mobile delivery platform. You may come from mobile engineering, Mobile DevOps, build engineering, or release engineering. What matters most is that you have real-world experience shipping Android or iOS applications to production and are excited to take deeper ownership of the CI/CD, automation, and engineering practices behind reliable mobile delivery. As our delivery platform matures, you’ll also have opportunities to contribute your mobile engineering expertise more broadly. If you enjoy solving complex mobile delivery challenges while staying close to engineering, we’d love to hear from you. What We Offer Competitive compensation Paid time off and company holidays Opportunities to learn and grow within a global healthcare organization What You'll Be Doing Provide hands-on technical leadership for Clario’s mobile delivery roadmap, mentoring engineers, setting technical direction, and removing delivery blockers. Design, build, maintain, and continuously improve CI/CD pipelines for Android or iOS applications across build, automated test, signing, and release stages. Own and automate the mobile release lifecycle, including versioning, certificates, provisioning profiles, keystores, secrets, and deployment through Apple App Store or Google Play. Troubleshoot complex mobile build, signing, pipeline, and store-deployment issues while improving reliability, security, monitoring, build performance, and developer experience. Partner with Mobile Engineering, QA, Security, and Product teams to establish scalable delivery practices and contribute to broader mobile engineering initiatives as the platform evolves. What We Look For Bachelor’s degree in Computer Science, Software Engineering, Information Technology, or equivalent practical experience. 5+ years of relevant experience across mobile software development, Mobile DevOps, build engineering, release engineering, or related areas. Hands-on experience shipping Android or iOS applications to production through Google Play or the Apple App Store, with practical knowledge of the mobile release lifecycle. Experience with mobile CI/CD, build or release automation using tools such as Fastlane, GitLab CI, GitHub Actions, Azure DevOps, Jenkins, Codemagic, CircleCI, or similar. Experience with mobile signing and release requirements, such as certificates, provisioning profiles, keystores, secrets management, and store submission. Strong software development or scripting skills using Swift, Kotlin, Bash, Python, or similar technologies, with an interest in mobile delivery automation and developer tooling. Proven ability to lead technical initiatives, mentor engineers, troubleshoot complex problems, and drive delivery while remaining hands-on. Strong communication and collaboration skills, with the ability to work across engineering, QA, security, and product teams. Ability to work remotely from Costa Rica and collaborate effectively across global teams and time zones. Experience with Docker, Kubernetes, Helm, cloud-native platforms, C#/.NET MAUI, LaunchDarkly, or AI-assisted developer tooling is beneficial. At Clario, our purpose is to transform lives by unlocking better evidence. It’s a cause that unites and inspires us. It’s why we come to work—and how we empower our people to make a positive impact every day. Whether you're advancing clinical science, building innovative technology, or supporting our global teams, your work helps bring life-changing therapies to patients faster. Clario is an equal opportunity employer. We celebrate diversity and are committed to creating an inclusive environment for all employees. All qualified applicants will receive consideration for employment without regard to race, color, religion, gender, gender identity or expression, sexual orientation, national origin, genetics, disability, age, or veteran status.",https://clarioclinical.wd1.myworkdayjobs.com/clarioclinical_careers/job/Costa-Rica-Remote/Mobile-DevOps-Technical-Lead_R18046,2026-08-28T11:53:33Z
clarioclinical,R17914,clarioclinical_careers,Talent Development Specialist,Clario,US Biomedical Systems India Pvt Ltd.,Bangalore,India,IN,"Bangalore, India",,Full time,full_time,Not Disclosed,,,,,,,,,,,False,5,2026-08-25,"Join Clario, a part of Thermo Fisher Scientific and help develop the skills, capabilities, and leadership potential that drive our global success. As a Talent Development Trainer, you will play a critical role in delivering engaging learning experiences that support employee growth, leadership development, and organizational effectiveness. Working closely with business leaders, HR partners, and the broader Talent Development team, you will design and facilitate impactful training programs that help employees build the skills needed to thrive in a dynamic, global environment. What We Offer Competitive pay and incentives Provident fund and medical insurance Engaging employee programs and local events Modern office spaces and remote work flexibility Opportunities for professional growth and career development within a global organization What You'll Be Doing Lead the delivery of engaging instructor-led, virtual, blended, and in-person learning programs for employees and leaders across global locations. Facilitate training sessions focused on leadership development, communication, customer service, new hire onboarding, professional development, and other business-critical competencies. Design, develop, and maintain high-quality learning materials including facilitator guides, participant workbooks, job aids, reference materials, and e-learning content. Collaborate with stakeholders to identify learning needs and develop practical, learner-centered solutions aligned with business objectives. Manage multiple training programs and learning initiatives simultaneously while ensuring high-quality execution and delivery. Adapt facilitation approaches to different audiences, learning styles, and cultural environments. Partner closely with HR, business leaders, and subject matter experts to create impactful learning experiences that drive performance and engagement. Lead instructional design initiatives that translate organizational needs into effective training and development programs. Research and apply innovative learning methodologies, technologies, and best practices to enhance the learner experience. Conduct needs assessments, surveys, and stakeholder consultations to identify skill gaps and development opportunities. Evaluate program effectiveness through feedback, learning metrics, and business outcomes, and implement continuous improvements. Support the administration, implementation, and tracking of learning programs through Learning Management Systems (LMS) and talent management platforms. Contribute to talent development strategies that promote employee growth, engagement, and organizational capability building. What We Look For Bachelor's degree in Human Resources, Organizational Development, Business, Education, Learning & Development, or a related field; Master's degree preferred. 3 to 5 years of relevant experience in Learning & Development, Talent Development, Organizational Development, Human Resources, or a related field. Proven experience facilitating workshops, training programs, and learning experiences for employees and leaders. Strong expertise in adult learning principles, instructional design methodologies, and facilitation techniques across classroom, virtual, and blended learning environments. Demonstrated ability to create engaging, interactive, learner-centered training experiences. Experience partnering with business stakeholders to assess learning needs and recommend effective development solutions. Strong presentation, facilitation, and communication skills with the confidence to engage audiences at all organizational levels. Experience managing multiple learning programs, priorities, and deadlines in a fast-paced environment. Knowledge of organizational development, change management, leadership development, and talent management concepts. Proficiency with Microsoft Office applications, including PowerPoint, Excel, and Word, as well as learning technologies and survey tools. Strong project management, organizational, and attention-to-detail skills. Analytical mindset with the ability to evaluate learning effectiveness and use data to drive continuous improvement. Results-oriented approach with a demonstrated ability to deliver learning solutions aligned with business strategy. Willingness to work aligned with European business hours (1:00 PM to 10:00 PM IST) to support global stakeholders and learning initiatives. Flexibility to work the required shift schedule; shift allowance will be provided in accordance with company policy. At Clario, a part of Thermo Fisher Scientific, a part of Thermo Fisher Scientific, our purpose is to transform lives by unlocking better evidence. It’s a cause that unites and inspires us. It’s why we come to work—and how we empower our people to make a positive impact every day. Whether you're advancing clinical science, building innovative technology, or supporting our global teams, your work helps bring life-changing therapies to patients faster.",https://clarioclinical.wd1.myworkdayjobs.com/clarioclinical_careers/job/Bangalore-India/Talent-Development-Specialist_R17914-1,2026-08-28T11:53:38Z
clarioclinical,R16213,clarioclinical_careers,Customer Care Representative,Clario,US Biomedical Systems India Pvt Ltd.,Bangalore,India,IN,"Bangalore, India",,Full time,full_time,Not Disclosed,,,,,,,,,,,False,,2026-08-25,"Are you a problem solver? Do you like figuring out how things work and talking with others to share your knowledge? Would you like to work in an international team? Clario, part of Thermo Fisher Scientific partners with the pharmaceutical industry to gather and organize clinical trial data, leading to quicker, more reliable trial outcomes. Our contribution to improving patients' lives motivates us every day! Join our Bangalore team as a Customer Care Representative to provide world class customer service over the phone in support of clinical trials deployed at hundreds of clinical sites worldwide. You will be part of a growing team in Bangalore, working directly with our clients and Clario colleagues across the globe - helping to bring new drugs to market, more quickly and more safely. See the impact you could have. What we offer Competitive compensation + shift allowances Attractive benefits (security, flexibility, support and well-being) Engaging employee programs Technology for hybrid working and great onsite facilities What you'll be doing Receive phone calls or other communications from clients requesting assistance. Evaluate the situation and provide accurate resolution to the issue. Document every customer interaction in a detailed and structured manner Maintain and update our internal knowledge base and other sources Handle re-supply and report requests in a timely and efficient manner Assist clients with any technical problems with our equipment Troubleshoot transmission or other equipment usage problems Provide recommendations for service set-up, usage and troubleshooting What we're looking for Availability to work full time and shifts (rotations to occur every four weeks and are expected to include morning, evening, weekends, and/or holidays as assigned, premium pay will be provided to accommodate the rotating shift) Must have excellent written and spoken English language skills. Good capacity for teamwork Ability to work independently and demonstrate initiative in resolving issues Patience and Customer Service skills in difficult situations and the ability to defuse potentially stressful situations for Clario clients Effective written and verbal communication skills; able to speak well and represent Clario in a professional manner Working knowledge of MS Office tools SQL experience, handling SQL queries and modification is ideal At Clario, we put people first, always. We are united and driven by patients, committed to making a difference, and we are always looking for the best talent to help us transform lives. We value the contribution each of our people brings. It’s only through our people that we can continue to innovate technology that will shape the future of clinical trials.",https://clarioclinical.wd1.myworkdayjobs.com/clarioclinical_careers/job/Bangalore-India/Customer-Care-Representative_R16213-1,2026-08-28T11:53:42Z
clarioclinical,R18076,clarioclinical_careers,Read Services Specialist,Clario,eResearch Technology Inc,United States Remote,United States,US,United States Remote,,Full time,remote,Not Disclosed,,,,,,,,,,,False,2,2026-08-24,"At Clario, a part of Thermo Fisher Scientific, we are committed to transforming clinical trial evidence through innovative endpoint data solutions. The Medical Imaging Read Services Specialist I plays a critical role in ensuring accurate reader compensation, invoice processing, operational reconciliation, and financial compliance across global imaging studies. This position offers the opportunity to collaborate with cross-functional teams while supporting the delivery of timely, audit-ready financial and operational services that contribute directly to clinical trial success. What We Offer Competitive compensation Medical, dental, and vision coverage Flexible and paid time off Remote and hybrid work options Tuition reimbursement Employee assistance and wellness programs Life and disability insurance What You'll Be Doing Generate, validate, and process reader invoices for imaging reads, training activities, consultations, and study-related services. Reconcile reader activity data across internal software applications, Salesforce, reporting tools, and financial systems to ensure invoice accuracy. Investigate and resolve discrepancies related to read counts, activity tracking, invoicing, and payment processing. Support monthly accrual activities through preparation of estimated and actual reader fee reports and financial analyses. Maintain accurate reader records, credentials, financial documentation, W-9 forms, disclosures, and audit-ready files. Coordinate directly with readers regarding scheduling, capacity planning, availability, and invoice-related inquiries. Monitor daily operational workflows, assign reads, review tracking reports, and support study-specific timeline adherence. Collaborate with Finance, Accounts Payable, Project Management, Reader Operations, and external readers to ensure timely issue resolution. Produce reader activity reports, operational metrics, and reconciliation documentation as requested. Ensure compliance with company policies, contractual obligations, SOPs, regulatory requirements, and quality standards. Contribute to continuous improvement initiatives by identifying opportunities to enhance processes, systems, and operational efficiencies. Participate in training initiatives and assist with the development and maintenance of SOPs, Quick Reference Guides, and work instructions. What We Look For Bachelor's degree preferred or equivalent combination of education and relevant professional experience. 2+ years of experience in invoicing, accounts payable/receivable, financial operations, clinical trial operations, healthcare administration, or related operational support functions. Experience working in a regulated environment such as clinical research, healthcare, pharmaceutical, or medical imaging preferred. Strong proficiency in Microsoft Excel, including data reconciliation, pivot tables, reporting, and data analysis. Experience validating and reconciling data across multiple systems, databases, and operational reports. Ability to analyze large datasets, identify discrepancies, and resolve issues with a high degree of accuracy. Familiarity with Salesforce, CRM systems, financial software, and clinical trial management platforms preferred. Experience supporting accrual reporting, invoice validation, financial reporting, and payment processing preferred. Exceptional attention to detail and commitment to data accuracy. Strong analytical, problem-solving, organizational, and prioritization skills. Excellent written and verbal communication skills with the ability to work effectively across cross-functional teams. Ability to work independently and collaboratively in a fast-paced environment while managing multiple priorities and deadlines. Knowledge of contractual payment terms and the ability to apply them consistently and accurately. At Clario, a part of Thermo Fisher Scientific, a part of Thermo Fisher Scientific, our purpose is to transform lives by unlocking better evidence. It’s a cause that unites and inspires us. It’s why we come to work—and how we empower our people to make a positive impact every day. Whether you're advancing clinical science, building innovative technology, or supporting our global teams, your work helps bring life-changing therapies to patients faster. Clario, a part of Thermo Fisher Scientific is an equal opportunity employer. We celebrate diversity and are committed to creating an inclusive environment for all employees. All qualified applicants will receive consideration for employment without regard to race, color, religion, gender, gender identity or expression, sexual orientation, national origin, genetics, disability, age, or veteran status.",https://clarioclinical.wd1.myworkdayjobs.com/clarioclinical_careers/job/United-States-Remote/Read-Services-Specialist_R18076,2026-08-28T11:53:46Z
clarioclinical,R17970,clarioclinical_careers,"Director, PPI Strategy & Delivery",Clario,eResearch Technology Inc,United States Remote,United States,US,5 Locations,Germany Remote; United Kingdom Remote; Costa Rica Remote; Hungary Remote,Full time,remote,Not Disclosed,,,,,,,,,,,False,6,2026-08-24,"As Director of Practical Process Improvement (PPI) Strategy & Delivery, you will provide centralized leadership and oversight of PPI activities within the assigned Group. This leadership role serves as the primary point of contact for PPI, ensuring alignment with enterprise standards and driving a consistent, scalable approach to continuous improvement. As part of Clario, a part of Thermo Fisher Scientific , you’ll discover meaningful work that makes a positive impact on a global scale. Join our colleagues in bringing our Mission to life every day to help customers make the world healthier, cleaner, and safer. In this role, you will provide strategic leadership for Practical Process Improvement (PPI) initiatives, ensuring operational excellence, scalability, and measurable business impact across the organization. You will work closely with executive leadership and cross-functional stakeholders to build sustainable continuous improvement capabilities while driving successful execution of high-priority initiatives. This is an opportunity to influence enterprise-wide transformation, establish best practices, and help teams achieve measurable results through continuous improvement and disciplined execution. What You’ll Be Doing Define and implement governance frameworks, operating models, and prioritization mechanisms to manage a growing portfolio of continuous improvement initiatives. Partner with executive leadership and cross-functional stakeholders to align PPI activities with organizational priorities and strategic objectives. Lead the integration of PPI methodologies into core workflows to improve efficiency, quality, scalability, and business performance. Oversee a portfolio of initiatives while providing direct program and project management support for complex or high-impact efforts. Establish standards, tools, performance metrics, and reporting mechanisms to increase visibility, accountability, and sustainability of improvements. Champion Practical Process Improvement, Lean, Six Sigma, and related methodologies across the organization. Drive organizational change by coaching leaders and teams, building continuous improvement capabilities, and fostering a culture of operational excellence. Ensure initiatives are appropriately prioritized, resourced, executed, and measured to deliver meaningful and measurable outcomes. Facilitate cross-functional collaboration and alignment in complex, matrixed environments. Support implementation activities requiring travel up to 50%. What We Look For Advanced degree with 6+ years of relevant experience, or bachelor’s degree with 8+ years of experience in operations, biopharmaceuticals, clinical development, or a related field. Demonstrated experience operating at the Director level, balancing strategic leadership with hands-on execution in complex, cross-functional environments. Strong expertise in Practical Process Improvement (PPI), Lean Six Sigma, or comparable continuous improvement methodologies with a proven record of delivering measurable results. Proven ability to lead and deliver complex initiatives, including establishing governance frameworks, operating models, and scalable processes. Strong program and project management skills, including portfolio prioritization, execution, and delivery across multiple concurrent initiatives. Experience working in matrixed organizations with the ability to influence senior stakeholders, drive alignment, and coach and develop teams. Strong business and financial acumen with the ability to align initiatives to organizational goals and value drivers. Excellent communication, presentation, and influencing skills with a structured, data-driven approach to problem solving. Demonstrated ability to manage competing priorities and navigate ambiguity in a fast-paced environment. Proficiency with project management and process improvement tools. Ability to travel up to 50%. Certification in Lean, Six Sigma (Green Belt, Black Belt, or equivalent) preferred. Experience building or scaling continuous improvement programs within a global organization preferred. Knowledge of GMP, GLP, ISO, and other relevant quality standards preferred. At Clario, a part of Thermo Fisher Scientific, a part of Thermo Fisher Scientific, our purpose is to transform lives by unlocking better evidence. It’s a cause that unites and inspires us. It’s why we come to work—and how we empower our people to make a positive impact every day. Whether you're advancing clinical science, building innovative technology, or supporting our global teams, your work helps bring life-changing therapies to patients faster. Clario, a part of Thermo Fisher Scientific is an equal opportunity employer. We celebrate diversity and are committed to creating an inclusive environment for all employees. All qualified applicants will receive consideration for employment without regard to race, color, religion, gender, gender identity or expression, sexual orientation, national origin, genetics, disability, age, or veteran status.",https://clarioclinical.wd1.myworkdayjobs.com/clarioclinical_careers/job/United-States-Remote/Director--PPI-Strategy---Delivery_R17970-1,2026-08-28T11:53:48Z
clarioclinical,R18097,clarioclinical_careers,Lead Project Manager,Clario,US Biomedical Systems India Pvt Ltd.,India Remote,India,IN,India Remote,,Full time,remote,Not Disclosed,,,,,,,,,,,False,10,2026-08-24,"Join Clario, a part of Thermo Fisher Scientific and help shape the delivery of innovative electronic Clinical Outcome Assessment (eCOA) solutions that support clinical trials around the world. As a Lead Project Manager within our eCOA business unit, you will lead complex global studies while providing leadership, mentorship, and operational oversight to Project Management team members. You will serve as a strategic partner to sponsors and internal stakeholders, ensuring projects are delivered with excellence while driving operational consistency, team development, and exceptional customer experiences. This India-based role supports U.S. customers and project teams and requires regular working hours aligned with the U.S. East Coast (Eastern Time Zone). What We Offer Competitive pay and incentives. Provident fund and medical insurance. Engaging employee programs and local events. Modern office spaces and remote work flexibility. Opportunities for professional growth, leadership development, and career advancement within a global organization What You'll Be Doing Lead, mentor, and develop Project Management team members by fostering core competencies, professional growth, and career development opportunities. Ensure appropriate training, onboarding, and development activities are completed and documented in accordance with company standards. Review project documentation, system configurations, and study deliverables to ensure quality, consistency, and compliance with applicable SOPs and quality requirements. Conduct routine team meetings to facilitate communication, monitor workloads, provide operational guidance, and support forecasting activities. Track, analyze, and report key team performance metrics and operational indicators. Independently lead the planning, setup, monitoring, and closeout phases of complex eCOA studies and programs. Gather customer requirements and translate study needs into actionable plans for cross-functional operational teams. Develop, review, and maintain study documentation throughout the project lifecycle. Oversee the distribution, tracking, and management of study devices and associated equipment. Create, review, and distribute study reports, metrics, and communications to clients and internal stakeholders. Ensure proper archival of study data, documentation, and project records in accordance with company and regulatory requirements. Establish and manage customer expectations through proactive communication, strategic partnership, and stakeholder management. Monitor study timelines, milestones, and deliverables to ensure successful execution and client satisfaction. Manage financial aspects of assigned programs, including budget reviews, revenue forecasting, scope management, and invoice reconciliation activities. Identify project risks, develop mitigation strategies, and escalate issues appropriately to support successful project delivery. Lead internal and external discussions, negotiations, and stakeholder communications to support contractual obligations and project objectives. Apply structured problem-solving methodologies to address customer concerns, operational challenges, and project escalations. Maintain issue tracking documentation and ensure timely resolution of client and project-related concerns. Serve as a subject matter expert and operational resource for cross-functional teams and cross-trained personnel. Support strategic initiatives, operational readiness activities, new product introductions, and process improvement programs within the eCOA business unit. Present eCOA services and operational workflows during investigator meetings, site initiation meetings, business development discussions, and client presentations. Support departmental growth through training, coaching, onboarding, and mentoring of new Project Management team members. What We Look For Bachelor's degree and demonstrated Project Management expertise within the pharmaceutical, biotechnology, healthcare, clinical research, life sciences, or related industry. 5 to 10 years of experience in project management with increasing responsibility in clinical research, healthcare technology, or pharmaceutical services. Demonstrated experience leading, mentoring, coaching, and developing team members. Strong understanding of the drug development process and clinical trial lifecycle. Experience managing technology-enabled clinical trials, eCOA, ePRO, eConsent, RTSM/IRT, or related eClinical solutions is highly desirable. Proven ability to manage complex global studies, budgets, timelines, risks, and customer relationships simultaneously. Strong financial management capabilities, including forecasting, budget management, invoicing, and scope control. Excellent leadership, organizational, interpersonal, time management, and prioritization skills. Outstanding verbal and written communication skills with the ability to communicate effectively in English. Strong negotiation, stakeholder management, and problem-solving capabilities. Proficiency with Microsoft Office applications, including Excel, PowerPoint, Word, Outlook, and Teams. Detail-oriented, customer-focused, and highly responsive in a fast-paced environment. Ability to influence decisions, drive operational excellence, and contribute to strategic business objectives. At Clario, a part of Thermo Fisher Scientific, a part of Thermo Fisher Scientific, our purpose is to transform lives by unlocking better evidence. It’s a cause that unites and inspires us. It’s why we come to work—and how we empower our people to make a positive impact every day. Whether you're advancing clinical science, building innovative technology, or supporting our global teams, your work helps bring life-changing therapies to patients faster.",https://clarioclinical.wd1.myworkdayjobs.com/clarioclinical_careers/job/India-Remote/Lead-Project-Manager_R18097-3,2026-08-28T11:53:53Z
clarioclinical,R17977,clarioclinical_careers,"Sr. Manager, Enterprise Systems (f/m/d)",Clario,eResearchTechnology GmbH,Estenfeld,Germany,DE,2 Locations,Germany Remote,Full time,remote,Not Disclosed,,,,,,,,,,,False,5,2026-08-21,"Join Clario as Senior Manager, Enterprise Systems (f/m/d) and lead a team responsible for the strategy, delivery, administration, and continuous improvement of critical enterprise applications. This role partners closely with business leaders and stakeholders across the organization to ensure enterprise systems support business objectives, drive operational efficiency, and deliver an excellent user experience globally. What we offer Competitive compensation Flexible work schedules Attractive PTO plan Engaging employee programs What you'll be doing Act as a JD Edwards hands-on leader: Lead, mentor, and develop a team responsible for enterprise business systems and applications. Partner with stakeholders and senior leadership to identify business needs and deliver scalable technology solutions. Manage the enterprise applications roadmap, ensuring systems remain current, secure, and aligned with business objectives. Collaborate with IT, business teams, and vendors to plan and deliver system implementations, upgrades, enhancements, and deployments. Support budget planning, vendor management, contract negotiations, and software licensing compliance. Oversee application governance, change management, and system documentation processes. Provide hands-on application administration and support when needed, including troubleshooting complex issues and coordinating urgent resolutions. Manage multiple projects and priorities across a global, geographically dispersed environment while maintaining clear communication with stakeholders and leadership. Drive end-user adoption through training, support, and continuous process improvement initiatives. Identify opportunities to simplify the application landscape by eliminating duplicate systems and improving overall efficiency. Act as a key subject matter expert for enterprise applications, including JD Edwards, ensuring ongoing system performance, optimization, and business value. What we look for Bachelor's degree in Computer Science, Business Information Systems, Life Sciences, or a related field, or an equivalent combination of education and experience. Minimum 5 years of experience in Information Technology with responsibility for enterprise applications and business systems. Experience leading teams and managing enterprise-wide applications in a complex business environment. Strong experience with JD Edwards ERP and related business processes. Strong technical aptitude across SaaS and enterprise applications. Solid understanding of Software Development Lifecycle (SDLC) methodologies and application governance. Experience working with third-party vendors, consultants, and managed service providers. Proven ability to manage multiple projects, competing priorities, and stakeholder expectations. Excellent communication, problem-solving, and relationship-building skills. Demonstrated curiosity for emerging technologies and continuous improvement. Experience supporting global organizations and geographically distributed teams is preferred. Willingness to travel domestically and internationally as needed. At Clario, part of Thermo Fisher Scientific, our purpose is to transform lives by unlocking better evidence. It’s a cause that unites and inspires us. It’s why we come to work—and how we empower our people to make a positive impact every day. Whether you're advancing clinical science, building innovative technology, or supporting our global teams, your work helps bring life-changing therapies to patients faster.",https://clarioclinical.wd1.myworkdayjobs.com/clarioclinical_careers/job/Estenfeld-Germany/Sr-Manager--Enterprise-Systems--f-m-d-_R17977,2026-08-28T11:53:59Z
