source,job_id,title,company,city,state,country,country_code,country_dial_code,salary_raw,salary_min,salary_max,salary_period,salary_currency,job_type,min_experience,max_experience,category,company_type,skills,needs_review,posted_date,description,job_url,scraped_at
vaidyog,6a605fa9be769782f06fe6ba,Tele Caller,Hairgraft International Hair and Skin Care Clinic,Bengaluru,Karnataka,India,IN,+91,15000-30000,15000,30000,per_month,INR,full_time,0,2,non_clinical,hospital,Telecalling Customer Service Communication Skills Lead Generation Appointment Scheduling Follow-up Calls Sales Skills MS Office CRM Software Active Listening,False,2026-07-22,"Hairgraft International Hair and Skin Care Clinic is looking for a motivated and customer-focused Tele Caller to join our team. The candidate will be responsible for handling inbound and outbound calls, explaining hair and skin treatment services, scheduling appointments, following up with potential patients, maintaining call records, and ensuring a positive customer experience. Strong communication skills and the ability to build rapport with customers are essential.",https://healthcarejobs.vaidyog.com/,2026-07-24T06:12:46Z
vaidyog,6a5f58febe769782f06fbf9f,Dental Assistant,Dental Den,Bengaluru,Karnataka,India,IN,+91,15000-30000,15000,30000,per_month,INR,full_time,0,3,non_clinical,hospital,Dental Assisting; Chairside Assistance; Instrument Sterilization; Infection Control; Patient Care; Dental Equipment Handling; Communication Skills; Teamwork,False,2026-07-21,"Dental Den is seeking a dedicated and enthusiastic Dental Assistant to support dentists during patient treatments and ensure smooth clinical operations. The candidate will assist with chairside procedures, prepare treatment rooms, sterilize instruments, maintain patient records, manage dental supplies, and educate patients on oral hygiene and post-treatment care.",https://healthcarejobs.vaidyog.com/,2026-07-24T06:12:46Z
vaidyog,6a5f5734be769782f06fbf4d,Front Desk Executive,Dental Den,Bengaluru,Karnataka,India,IN,+91,18000-30000,18000,30000,per_month,INR,full_time,0,3,non_clinical,hospital,Front Office Management; Reception; Patient Coordination; Appointment Scheduling; Customer Service; Communication Skills; Computer Knowledge; MS Office; Billing; Time Management,False,2026-07-21,"Dental Den is looking for a professional and customer-oriented Front Desk Executive to manage the clinic's reception and ensure a seamless patient experience. The candidate will be responsible for welcoming patients, scheduling appointments, answering phone calls, maintaining patient records, coordinating with doctors, handling billing and payments, and ensuring efficient front office operations.",https://healthcarejobs.vaidyog.com/,2026-07-24T06:12:46Z
vaidyog,6a5f462ebe769782f06fb92a,Dental Assistant,PNG Dental Care,Bengaluru,Karnataka,India,IN,+91,15000-30000,15000,30000,per_month,INR,full_time,0,2,non_clinical,hospital,Dental Assisting; Chairside Assistance; Instrument Sterilization; Infection Control; Patient Care; Dental Equipment Handling; Communication Skills; Teamwork,False,2026-07-21,"PNG Dental Care is looking for a dedicated and enthusiastic Dental Assistant to support dentists during clinical procedures and ensure a smooth patient experience. The candidate will be responsible for preparing treatment rooms, sterilizing instruments, assisting during dental procedures, maintaining patient records, managing inventory, and educating patients on post-treatment care and oral hygiene.",https://healthcarejobs.vaidyog.com/,2026-07-24T06:12:46Z
vaidyog,6a5f4519be769782f06fb920,Customer Executive – Voice & Non-Voice,PNG Dental Care,Bengaluru,Karnataka,India,IN,+91,18000-30000,18000,30000,per_month,INR,full_time,0,3,non_clinical,hospital,Customer Service; Voice Process; Non-Voice Process; Communication Skills; Email Support; Chat Support; Problem Solving; MS Office; Typing Skills; Customer Relationship Management (CRM),False,2026-07-21,"We are hiring Customer Executives for Voice and Non-Voice processes. The selected candidates will be responsible for handling customer inquiries through calls, emails, and chat, resolving customer issues, maintaining accurate records of interactions, and ensuring excellent customer satisfaction. Candidates should have good communication skills, basic computer knowledge, and a customer-centric approach.",https://healthcarejobs.vaidyog.com/,2026-07-24T06:12:46Z
vaidyog,6a5f4436be769782f06fb916,Front Office Executive,PNG Dental Care,Bengaluru,Karnataka,India,IN,+91,18000-28000,18000,28000,per_month,INR,full_time,1,3,non_clinical,hospital,Front Office Management; Reception; Patient Coordination; Appointment Scheduling; Communication Skills; Computer Knowledge; MS Office; Billing; Customer Service,False,2026-07-21,"PNG Dental Care is looking for a friendly, organized, and customer-focused Front Office Executive to manage the reception area and provide excellent patient support. The candidate will be responsible for greeting patients, scheduling appointments, handling phone calls, maintaining patient records, processing billing and payments, coordinating with doctors and staff, and ensuring a smooth front desk operation.",https://healthcarejobs.vaidyog.com/,2026-07-24T06:12:46Z
vaidyog,6a5f42f8be769782f06fb90c,Pharmacist,Sanjeevini Hospital,Bengaluru,Karnataka,India,IN,+91,20000-50000,20000,50000,per_month,INR,full_time,1,4,pharmacists,hospital,Pharmacy Operations; Medication Dispensing; Drug Knowledge; Inventory Management; Patient Counseling; Prescription Verification; Communication Skills; Attention to Detail,False,2026-07-21,"Sanjeevini Hospital is seeking a qualified and dedicated Pharmacist to join our healthcare team. The selected candidate will be responsible for dispensing medications accurately, maintaining pharmacy inventory, reviewing prescriptions, ensuring compliance with pharmacy regulations, providing medication counseling to patients, and collaborating with doctors and nursing staff to ensure safe and effective patient care.",https://healthcarejobs.vaidyog.com/,2026-07-24T06:12:46Z
vaidyog,6a5f40fcbe769782f06fb902,Staff Nurse,Shree Svastha Hospital,Bengaluru,Karnataka,India,IN,+91,10000-20000,10000,20000,per_month,INR,full_time,0,2,nurses,hospital,Patient Care; Nursing Care; Medication Administration; IV Cannulation; Clinical Assessment; Emergency Response; Infection Control; Communication Skills; Teamwork,False,2026-07-21,"Shree Svastha Hospital is looking for compassionate and dedicated Staff Nurses to provide high-quality patient care. The selected candidates will be responsible for monitoring patients, administering medications, assisting doctors during medical procedures, maintaining accurate patient records, educating patients and their families, and ensuring adherence to hospital protocols and infection control standards.",https://healthcarejobs.vaidyog.com/,2026-07-24T06:12:46Z
vaidyog,6a5f4034be769782f06fb7e3,NICU Staff Nurse,Navya Multispeciality Hospital,Bengaluru,Karnataka,India,IN,+91,25000-45000,25000,45000,per_month,INR,full_time,1,3,nurses,hospital,NICU Nursing; Neonatal Care; Critical Care; Patient Monitoring; IV Administration; Emergency Response; Infection Control; Communication Skills; Teamwork,False,2026-07-21,"Navya Multispeciality Hospital is seeking a dedicated and compassionate NICU Staff Nurse to provide specialized nursing care for newborns admitted to the Neonatal Intensive Care Unit (NICU). The candidate will be responsible for monitoring neonates, administering medications, assisting pediatricians and neonatologists, maintaining accurate patient records, educating parents, and ensuring high standards of neonatal care",https://healthcarejobs.vaidyog.com/,2026-07-24T06:12:46Z
vaidyog,6a5f3f68be769782f06fb722,Duty Doctor (MBBS/BAMS),Navya Multispeciality Hospital,Bengaluru,Karnataka,India,IN,+91,30000-60000,30000,60000,per_month,INR,full_time,0,3,doctors,hospital,MBBS; BAMS; Patient Care; Clinical Assessment; Emergency Management; Medical Documentation; Communication Skills; Teamwork,False,2026-07-21,"Navya Multispeciality Hospital is looking for dedicated and compassionate Duty Doctors (MBBS/BAMS) to provide quality patient care, perform clinical assessments, manage emergencies, monitor admitted patients, maintain accurate medical records, and coordinate with consultants and nursing staff. Candidates should be willing to work rotational shifts and deliver patient-centered care.",https://healthcarejobs.vaidyog.com/,2026-07-24T06:12:46Z
vaidyog,6a5f3e98be769782f06fb62d,Marketing Executive,Curex Hospital,Bengaluru,Karnataka,India,IN,+91,25000-40000,25000,40000,per_month,INR,full_time,1,5,non_clinical,hospital,Marketing; Sales; Business Development; Client Relationship Management; Lead Generation; Digital Marketing; Communication Skills; Negotiation; MS Office,False,2026-07-21,"Currex is looking for a dynamic and result-oriented Marketing Executive to promote the hospital's healthcare services, build relationships with doctors and corporate clients, execute marketing campaigns, generate leads, and strengthen the organization's brand presence. The ideal candidate should possess excellent communication skills and a passion for healthcare marketing.",https://healthcarejobs.vaidyog.com/,2026-07-24T06:12:46Z
vaidyog,6a5f3d99be769782f06fb4ed,General Surgeon,Currex Hospital,Bengaluru,Karnataka,India,IN,+91,50000-200000,50000,200000,per_annum,INR,full_time,0,3,doctors,hospital,General Surgery; Surgical Procedures; Patient Care; Emergency Surgery; Clinical Decision Making; Medical Documentation; Communication Skills; Teamwork,False,2026-07-21,"Currex is hiring a qualified General Surgeon to provide comprehensive surgical care, evaluate and diagnose patients, perform elective and emergency surgical procedures, manage pre-operative and post-operative care, and collaborate with multidisciplinary healthcare teams to ensure excellent patient outcomes.",https://healthcarejobs.vaidyog.com/,2026-07-24T06:12:46Z
vaidyog,6a5f3cbfbe769782f06fb2eb,Duty Doctor (MBBS),Currex Hospital,Bengaluru,Karnataka,India,IN,+91,50000-80000,50000,80000,per_month,INR,full_time,0,4,doctors,hospital,MBBS; Patient Care; Emergency Management; Clinical Assessment; Medical Documentation; Communication Skills; Teamwork,False,2026-07-21,"Currex is hiring qualified MBBS Duty Doctors to provide quality patient care, perform clinical assessments, manage emergencies, maintain medical records, and coordinate with consultants and nursing staff. The candidate should be dedicated, compassionate, and willing to work rotational shifts.",https://healthcarejobs.vaidyog.com/,2026-07-24T06:12:46Z
vaidyog,6a5f1732be769782f06fa986,Front Desk Executive,Full-time,Bengaluru,Karnataka,India,IN,+91,20000-29999,20000,29999,per_month,INR,full_time,2,3,non_clinical,hospital,Patient Registration; Front Office Management; Appointment Scheduling; Billing Coordination; Customer Service; Communication Skills; MS Office; Hospital Administration,False,2026-07-21,"We are looking for a professional and customer-focused Front Desk Executive to manage patient interactions, appointments, registrations, billing coordination, and administrative support at Sanjeevini Hospital. The candidate should possess excellent communication skills and a pleasant personality to ensure a positive patient experience.",https://healthcarejobs.vaidyog.com/,2026-07-24T06:12:46Z
vaidyog,6a5b771bbe769782f06f435b,bsc nursing,gosha college,Hyderabad,Telangana,India,IN,+91,10000-15000,10000,15000,per_month,INR,full_time,1,5,nurses,hospital,iv set injection,False,2026-07-18,bsc nursing,https://healthcarejobs.vaidyog.com/,2026-07-24T06:12:46Z
vaidyog,6a5b7483be769782f06f4282,mbbs,sultan medical College,Hyderabad,Telangana,India,IN,+91,100000-150000,100000,150000,per_annum,INR,full_time,1,3,doctors,hospital,genral,False,2026-07-18,md,https://healthcarejobs.vaidyog.com/,2026-07-24T06:12:46Z
vaidyog,6a5b18cdbe769782f06f1fe2,General Physician,Sevalaya,Chengalpattu,Tamil Nadu,India,IN,+91,50000-60000,50000,60000,per_month,INR,full_time,0,2,doctors,hospital,General practices,False,2026-07-18,"We are seeking a dedicated and compassionate Residential Doctor to be stationed at our Zamin Endathur facility. The role involves providing primary healthcare services to residents of the old age home and extending medical support to nearby villages. The doctor will also be responsible for organizing and participating in medical camps as required. ________________________________________ Key Responsibilities • Provide regular medical care and treatment to elderly residents of the old age home • Attend to outpatient cases from nearby villages • Diagnose illnesses and prescribe appropriate treatment and medication • Maintain accurate medical records of patients • Monitor chronic conditions and ensure continuous care for elderly residents • Handle medical emergencies and provide immediate care when required • Conduct and participate in periodic medical camps in surrounding areas • Promote preventive healthcare and awareness among residents and the local community ________________________________________ Work Timings • Part-Time: 5 hours per day • Full-Time: 8 hours per day ________________________________________ Eligibility Criteria • MBBS or equivalent medical qualification from a recognized institution • Valid medical registration • Prior experience in general practice or community healthcare is preferred • Willingness to reside at the job location (Zamin Endathur) ________________________________________ Skills Required • Strong clinical and diagnostic skills • Compassion and empathy towards elderly patients • Good communication and interpersonal skills • Ability to work independently in a residential setup • Commitment to community service ________________________________________ Compensation • CTC Range: ₹45,000 to ₹55,000 ________________________________________ Additional Information • Accommodation will be provided at the job location • Opportunity to contribute to meaningful community and social healthcare initiatives",https://healthcarejobs.vaidyog.com/,2026-07-24T06:12:46Z
vaidyog,6a59e3f5be769782f06ef6da,MBBS Duty Doctor,Navya Multispeciality Hospital,Bengaluru,Karnataka,India,IN,+91,40000-50000,40000,50000,per_month,INR,full_time,0,3,doctors,hospital,Patient Care; Clinical Assessment; Emergency Medicine; Medical Documentation; Diagnosis & Treatment; Communication Skills; Teamwork,False,2026-07-17,"Navya Hospital is looking for dedicated Duty Doctors to provide round-the-clock patient care. Responsibilities include examining patients, diagnosing and treating common medical conditions, monitoring admitted patients, responding to emergencies, maintaining medical records, and coordinating with consultants and nursing staff to ensure quality healthcare services.",https://healthcarejobs.vaidyog.com/,2026-07-24T06:12:46Z
vaidyog,6a59e293be769782f06ef6d0,BAMS Doctor,Curex Hospital,Bengaluru,Karnataka,India,IN,+91,30000-35000,30000,35000,per_month,INR,full_time,0,3,doctors,hospital,BAMS; Ayurvedic Consultation; Patient Care; Clinical Assessment; Medical Documentation; Communication Skills; Diagnosis & Treatment,False,2026-07-17,"Curex Hospital is seeking qualified BAMS Doctors to provide patient consultations, diagnose and treat patients using Ayurvedic principles, maintain accurate medical records, monitor patient progress, and collaborate with the healthcare team to deliver quality patient care.",https://healthcarejobs.vaidyog.com/,2026-07-24T06:12:46Z
vaidyog,6a59e196be769782f06ef6c6,MBBS Duty Doctor,Curex Hospital,Bengaluru,Karnataka,India,IN,+91,40000-50000,40000,50000,per_month,INR,full_time,0,3,doctors,hospital,MBBS; Patient Care; Emergency Medicine; Clinical Assessment; Medical Documentation; Diagnosis & Treatment; Communication Skills; Teamwork,False,2026-07-17,"Curex Hospital is hiring MBBS Duty Doctors to provide quality patient care in inpatient and emergency settings. Responsibilities include examining patients, diagnosing and treating common medical conditions, monitoring admitted patients, maintaining medical records, coordinating with specialists, and responding to emergencies as required.",https://healthcarejobs.vaidyog.com/,2026-07-24T06:12:46Z
vaidyog,6a59b72dbe769782f06ee4fd,Dental Assistant,PNG Healthcare,Bengaluru,Karnataka,India,IN,+91,20000-30000,20000,30000,per_month,INR,full_time,0,1,non_clinical,hospital,We are looking for a dedicated and organized Dental Assistant to support dentists during patient examinations and procedures. Responsibilities include preparing treatment rooms; sterilizing instruments; assisting during dental procedures; maintaining patient records; and ensuring a clean and safe clinical environment.,False,2026-07-17,"We are looking for a dedicated and organized Dental Assistant to support dentists during patient examinations and procedures. Responsibilities include preparing treatment rooms, sterilizing instruments, assisting during dental procedures, maintaining patient records, and ensuring a clean and safe clinical environment.",https://healthcarejobs.vaidyog.com/,2026-07-24T06:12:46Z
vaidyog,6a58a1e1be769782f06ec582,admission councellor,100Ten Hospital and Wellness Institute,Solan,Himachal Pradesh,India,IN,+91,Not Disclosed,,,,,full_time,0,0,non_clinical,hospital,counselling; communication; pursuation,False,2026-07-16,"get students for taking admission into our courses, resolving all course related queries",https://healthcarejobs.vaidyog.com/,2026-07-24T06:12:46Z
vaidyog,6a584589be769782f06ea14d,Female Panchkarma Therapist,Ayurvedic arena retreat and wellness centre,Bilaspur,Himachal Pradesh,India,IN,+91,19000-21000,19000,21000,per_month,INR,full_time,0,1,non_clinical,hospital,"Expirience of 1 year ,trained certified",False,2026-07-16,Female panchkarma therapist willing to work in a central Govt project in Himachal pradesh. Seperate accomodation and serene place in mountains.,https://healthcarejobs.vaidyog.com/,2026-07-24T06:12:46Z
vaidyog,6a549474be769782f06e0dd1,wanted pharmacist,balaji pharma,Chennai,Tamil Nadu,India,IN,+91,12000-13000,12000,13000,per_month,INR,full_time,2,2,pharmacists,pharma,yes,False,2026-07-13,wanted pharmacist,https://healthcarejobs.vaidyog.com/,2026-07-24T06:12:46Z
vaidyog,6a5486d7be769782f06e0bf3,Consultant Obstetrician & Gynecologist (OBG),Navya Multispeciality Hospital,Bengaluru,Karnataka,India,IN,+91,100000-150000,100000,150000,per_annum,INR,full_time,1,10,doctors,hospital,Obstetrics; Gynecology; Antenatal Care; Postnatal Care; Normal Delivery; High-Risk Pregnancy Management; Women's Health; Patient Care; Clinical Diagnosis,False,2026-07-13,"Navya Multispeciality Hospital is seeking a skilled and compassionate Obstetrician & Gynecologist (OBG) to provide comprehensive women's healthcare services. The candidate will manage antenatal and postnatal care, conduct normal and high-risk deliveries, diagnose and treat gynecological conditions, perform gynecological procedures, and ensure quality patient care.",https://healthcarejobs.vaidyog.com/,2026-07-24T06:12:46Z
vaidyog,6a548482be769782f06e0ae8,Consultant Gynecologist,Navya Multispeciality Hospital,Bengaluru,Karnataka,India,IN,+91,100000-150000,100000,150000,per_annum,INR,full_time,1,10,doctors,hospital,Gynecology; Obstetrics; Antenatal Care; Postnatal Care; Normal & High-Risk Pregnancy Management; Women's Health; Patient Care; Communication Skills,False,2026-07-13,"Navya Multispeciality Hospital is looking for a qualified and compassionate Consultant Gynecologist to provide comprehensive obstetric and gynecological care. The candidate will diagnose and treat women's health conditions, manage antenatal and postnatal care, perform gynecological procedures, and collaborate with the hospital's multidisciplinary team to ensure quality patient care.",https://healthcarejobs.vaidyog.com/,2026-07-24T06:12:46Z
vaidyog,6a54821bbe769782f06e0a9f,Medical Officer (MBBS Doctor),Navya Multispeciality Hospital,Bengaluru,Karnataka,India,IN,+91,50000-70000,50000,70000,per_month,INR,full_time,0,5,doctors,hospital,MBBS; Patient Care; Clinical Diagnosis; Emergency Care; Medical Documentation; Communication Skills,False,2026-07-13,"Navya Multispeciality Hospital is seeking a dedicated MBBS Doctor to provide high-quality patient care. The candidate will be responsible for examining patients, diagnosing illnesses, prescribing treatments, maintaining medical records, and coordinating with specialists when required. Fresh graduates and experienced doctors with strong clinical skills are encouraged to apply.",https://healthcarejobs.vaidyog.com/,2026-07-24T06:12:46Z
vaidyog,6a524647be769782f06deb42,wanted female staff to work in clinic,Care n Cure physiotherapy clinic and Rehabilitation,Hyderabad,Telangana,India,IN,+91,12000-15000,12000,15000,per_month,INR,full_time,1,5,non_clinical,hospital,candidate should be deducted hardworking and capability handle patients.,False,2026-07-11,clinical assistant,https://healthcarejobs.vaidyog.com/,2026-07-24T06:12:46Z
vaidyog,6a4f943dbe769782f06d398b,Staff Nurse,Vedamrutha Multi-Speciality Hospital,Bengaluru,Karnataka,India,IN,+91,16000-16000,16000,16000,per_month,INR,full_time,0,4,nurses,hospital,Patient Care; Nursing; IV Cannulation; Medication Administration; Emergency Care; ICU Assistance; Communication Skills; Basic Life Support (BLS),False,2026-07-09,"We are hiring dedicated and compassionate Staff Nurses to provide quality patient care, assist doctors during treatments and procedures, administer medications, monitor patient health, maintain medical records, and ensure adherence to hospital protocols.",https://healthcarejobs.vaidyog.com/,2026-07-24T06:12:46Z
vaidyog,6a4f3d69be769782f06d05cb,Pathologist,Sanjeevini Hospital,Bengaluru,Karnataka,India,IN,+91,40000-50000,40000,50000,per_month,INR,full_time,1,5,doctors,hospital,Clinical Pathology; Histopathology; Cytopathology; Hematology; Laboratory Diagnostics; Quality Control; Microscopy; Diagnostic Reporting,False,2026-07-09,"Sanjeevini Hospital is looking for a qualified Consultant Pathologist to join our diagnostic services team. The candidate will examine laboratory specimens, interpret diagnostic tests, provide accurate pathology reports, collaborate with clinicians, and ensure quality standards in laboratory services.",https://healthcarejobs.vaidyog.com/,2026-07-24T06:12:46Z
vaidyog,6a4f3738be769782f06d033b,Consultant Gynecologist,Sanjeevini Hospital,Bengaluru,Karnataka,India,IN,+91,100000-150000,100000,150000,per_annum,INR,full_time,1,10,doctors,hospital,Obstetrics; Gynecology; Antenatal Care; High-Risk Pregnancy Management; Normal & Cesarean Deliveries; Gynecological Procedures; Patient Counseling; Clinical Decision Making,False,2026-07-09,"Sanjeevini Hospital is seeking a qualified and dedicated Consultant Gynecologist to provide comprehensive obstetrics and gynecology care. The candidate will diagnose and treat women's health conditions, manage pregnancies and deliveries, perform gynecological procedures, and ensure high-quality patient care.",https://healthcarejobs.vaidyog.com/,2026-07-24T06:12:46Z
vaidyog,6a4f3379be769782f06d031d,Consultant Nephrologist,Sanjeevini Hospital,Bengaluru,Karnataka,India,IN,+91,150000-200000,150000,200000,per_annum,INR,full_time,1,10,doctors,hospital,Nephrology; Dialysis Management; Chronic Kidney Disease (CKD); Acute Kidney Injury (AKI); Patient Care; Clinical Decision Making,False,2026-07-09,"Sanjeevini Hospital is looking for a qualified and experienced Consultant Nephrologist to join our healthcare team. The candidate will diagnose and manage kidney-related disorders, provide inpatient and outpatient care, and work collaboratively with multidisciplinary teams to deliver quality patient care.",https://healthcarejobs.vaidyog.com/,2026-07-24T06:12:46Z
vaidyog,6a4e4108be769782f06ce52d,HR Manager,Sanjeevini Hospital,Bengaluru,Karnataka,India,IN,+91,35000-40000,35000,40000,per_month,INR,full_time,5,10,non_clinical,hospital,Human Resource Management; Recruitment; Talent Acquisition; Employee Relations; Performance Management; Payroll Coordination; HR Policies; Labor Law Compliance; Communication; Leadership,False,2026-07-08,"Sanjeevini Hospital is seeking an experienced and proactive HR Manager to oversee all human resource functions. The selected candidate will be responsible for recruitment and onboarding, employee relations, performance management, payroll coordination, policy implementation, statutory compliance, training and development, and maintaining a positive workplace culture while supporting the hospital's operational goals.",https://healthcarejobs.vaidyog.com/,2026-07-24T06:12:46Z
vaidyog,6a4e3f32be769782f06ce4e6,Consultant Cardiologist,Sanjeevini Hospital,Bengaluru,Karnataka,India,IN,+91,200000-300000,200000,300000,per_annum,INR,full_time,3,10,doctors,hospital,Cardiology Consultation; Diagnosis & Treatment of Heart Diseases; ECG Interpretation; Echocardiography; Cardiac Patient Management; Clinical Decision Making; Emergency Cardiac Care; Communication; Team Collaboration,False,2026-07-08,"Sanjeevini Hospital is looking for an experienced and dedicated Consultant Cardiologist to provide comprehensive cardiac care to patients. The selected candidate will be responsible for diagnosing and treating cardiovascular diseases, conducting outpatient and inpatient consultations, interpreting ECGs, echocardiograms, and other cardiac investigations, managing cardiac emergencies, developing treatment plans, and collaborating with multidisciplinary teams to deliver high-quality patient care.",https://healthcarejobs.vaidyog.com/,2026-07-24T06:12:46Z
vaidyog,6a4e2ef8be769782f06cdec5,Consultant Pediatrician,Sanjeevini Hospital,Bengaluru,Karnataka,India,IN,+91,100000-200000,100000,200000,per_annum,INR,full_time,3,10,doctors,hospital,Pediatrics Consultation; Child Healthcare; Neonatal & Pediatric Care; Diagnosis and Treatment; Patient Management; Emergency Pediatric Care; Clinical Decision Making; Communication Skills; Team Collaboration,False,2026-07-08,"Sanjeevini Hospital is seeking an experienced and compassionate Consultant Pediatrician to provide specialized medical care for infants, children, and adolescents. The selected candidate will be responsible for diagnosing and treating pediatric conditions, conducting consultations, managing inpatient and outpatient pediatric care, monitoring child development, handling pediatric emergencies, and collaborating with other healthcare professionals to ensure quality patient care.",https://healthcarejobs.vaidyog.com/,2026-07-24T06:12:46Z
vaidyog,6a4e2c33be769782f06cde7c,Consultant Neurologist,Sanjeevini Hospital,Bengaluru,Karnataka,India,IN,+91,100000-200000,100000,200000,per_annum,INR,full_time,5,10,doctors,hospital,Management; Clinical Decision Making; Emergency Neurological Care; Communication Skills; Multidisciplinary Collaboration,False,2026-07-08,"Sanjeevini Hospital is seeking an experienced and skilled Consultant Neurologist to provide specialized neurological care to patients. The selected candidate will be responsible for diagnosing and treating neurological disorders, conducting patient consultations, developing treatment plans, managing neurological emergencies, collaborating with multidisciplinary teams, and maintaining high standards of patient care.",https://healthcarejobs.vaidyog.com/,2026-07-24T06:12:46Z
vaidyog,6a4e2a3dbe769782f06cde70,Telecalling Executive,Sanjeevini Hospital,Bengaluru,Karnataka,India,IN,+91,15000-20000,15000,20000,per_month,INR,full_time,0,3,non_clinical,hospital,Telecalling; Customer Service; Patient Relationship Management; Communication Skills; Follow-up Skills; Lead Management; Computer Knowledge; Data Entry; Problem Solving,False,2026-07-08,"Sanjeevini Hospital is seeking a Telecalling Executive to handle patient communication and support hospital services. The selected candidate will be responsible for making and receiving calls, attending patient inquiries, explaining hospital services, scheduling appointments, following up with patients, maintaining call records, and coordinating with internal departments to ensure excellent patient experience",https://healthcarejobs.vaidyog.com/,2026-07-24T06:12:46Z
vaidyog,6a4e27f6be769782f06cde66,Information Technology (IT) Executive,Sanjeevini Hospital,Bengaluru,Karnataka,India,IN,+91,15000-20000,15000,20000,per_month,INR,full_time,2,6,non_clinical,hospital,IT Support; Hardware Troubleshooting; Software Installation; Network Management; Hospital Information System (HIS); Data Security; System Maintenance; Technical Support; Problem Solving,False,2026-07-08,"Sanjeevini Hospital is looking for an IT professional to manage and support the hospital's technology infrastructure. The selected candidate will be responsible for maintaining computer systems, hospital software applications, network support, troubleshooting technical issues, managing IT equipment, ensuring data security, and providing technical assistance to hospital staff.",https://healthcarejobs.vaidyog.com/,2026-07-24T06:12:46Z
vaidyog,6a4e25debe769782f06cde54,Marketing Executive,Sanjeevini Hospital,Bengaluru,Karnataka,India,IN,+91,20000-25000,20000,25000,per_month,INR,full_time,1,5,non_clinical,hospital,Healthcare Marketing; Field Marketing; Lead Generation; Business Development; Customer Relationship Management; Communication Skills; Presentation Skills; Market Research; Networking,False,2026-07-08,"Sanjeevini Hospital is looking for enthusiastic and result-oriented Marketing Executives to support hospital marketing activities. The selected candidates will be responsible for promoting hospital services, developing relationships with doctors and corporate clients, coordinating marketing campaigns, generating leads, conducting market visits, supporting patient outreach programs, and contributing to overall business growth.",https://healthcarejobs.vaidyog.com/,2026-07-24T06:12:46Z
vaidyog,6a4e2365be769782f06cde4a,Sales Manager,Unique Pharmacy,Bengaluru,Karnataka,India,IN,+91,30000-40000,30000,40000,per_month,INR,full_time,2,8,non_clinical,pharma,Sales Management; Business Development; Customer Relationship Management; Retail Pharmacy Sales; Team Leadership; Target Achievement; Communication Skills; Negotiation Skills; Market Analysis,False,2026-07-08,"Unique Pharmacy is looking for an experienced and motivated Sales Manager to lead sales activities and drive business growth. The selected candidate will be responsible for developing sales strategies, managing customer relationships, achieving sales targets, coordinating with pharmacy teams, identifying new business opportunities, and ensuring excellent customer service.",https://healthcarejobs.vaidyog.com/,2026-07-24T06:12:46Z
vaidyog,6a4e216fbe769782f06cde38,Pharmacy Incharge,Unique Pharmacy,Bengaluru,Karnataka,India,IN,+91,30000-40000,30000,40000,per_month,INR,full_time,2,8,pharmacists,pharma,Pharmacy Management; Medicine Dispensing; Inventory Management; Stock Control; Customer Service; Vendor Coordination; Leadership; Communication; Regulatory Compliance,False,2026-07-08,"Unique Pharmacy is seeking a responsible and experienced Pharmacy Incharge to oversee the day-to-day operations of the pharmacy. The selected candidate will manage medicine dispensing, supervise pharmacy staff, maintain inventory, ensure compliance with pharmacy regulations, coordinate with suppliers, monitor stock levels, and provide excellent customer service while ensuring the safe and accurate dispensing of medications.",https://healthcarejobs.vaidyog.com/,2026-07-24T06:12:46Z
vaidyog,6a4e1cdbbe769782f06cde26,Marketing Manager,Sanjeevini Hospital,Bengaluru,Karnataka,India,IN,+91,30000-35000,30000,35000,per_month,INR,full_time,5,10,non_clinical,hospital,Healthcare Marketing; Digital Marketing; Brand Management; Business Development; Campaign Management; Corporate Relations; Market Research; Communication; Leadership; Strategic Planning,False,2026-07-08,"Sanjeevini Hospital is looking for a dynamic and results-oriented Marketing Manager to lead the hospital's marketing initiatives. The selected candidate will be responsible for developing and executing marketing strategies, increasing brand awareness, planning healthcare campaigns, managing digital and offline marketing activities, building relationships with doctors, corporate clients, and referral partners, analyzing market trends, and driving patient engagement and business growth.",https://healthcarejobs.vaidyog.com/,2026-07-24T06:12:46Z
vaidyog,6a4e1ae2be769782f06cde1c,Operation Theatre (OT) Technician,Sanjeevini Hospital,Bengaluru,Karnataka,India,IN,+91,15000-20000,15000,20000,per_month,INR,full_time,1,5,non_clinical,hospital,Operation Theatre Management; Surgical Instrument Handling; Sterilization Techniques; Infection Control; OT Equipment Operation; Patient Preparation; Emergency Support; Communication; Teamwork,False,2026-07-08,"Sanjeevini Hospital is seeking skilled and dedicated Operation Theatre (OT) Technicians to join its surgical services team. The selected candidates will be responsible for preparing the operation theatre for surgical procedures, sterilizing and maintaining surgical instruments, assisting surgeons and nursing staff during operations, ensuring adherence to infection control protocols, operating OT equipment, and maintaining accurate records of surgical supplies and equipment.",https://healthcarejobs.vaidyog.com/,2026-07-24T06:12:46Z
vaidyog,6a4e18b4be769782f06cde0a,Pharmacy Incharge & Purchase Manager,Sanjeevini Hospital,Bengaluru,Karnataka,India,IN,+91,20000-25000,20000,25000,per_month,INR,full_time,5,10,pharmacists,hospital,Pharmacy Management; Purchase Management; Inventory Control; Vendor Management; Procurement; Hospital Pharmacy Operations; Stock Management; Communication; Leadership; Negotiation,False,2026-07-08,"Sanjeevini Hospital is looking for an experienced Pharmacy Incharge & Purchase Manager to oversee pharmacy operations and manage the procurement of medicines, medical consumables, and healthcare supplies. The selected candidate will ensure regulatory compliance, maintain inventory levels, coordinate with vendors, negotiate pricing, monitor stock availability, supervise pharmacy staff, and ensure the timely availability of quality medicines and supplies.",https://healthcarejobs.vaidyog.com/,2026-07-24T06:12:46Z
vaidyog,6a4e15e4be769782f06cde00,Radiology Technician,Sanjeevini Hospital,Bengaluru,Karnataka,India,IN,+91,15000-20000,15000,20000,per_month,INR,full_time,1,5,non_clinical,hospital,Radiology; X-ray Imaging; CT Scan; Diagnostic Imaging; Patient Care; Radiation Safety; Equipment Operation; Clinical Documentation; Communication; Teamwork,False,2026-07-08,"Sanjeevini Hospital is seeking skilled and dedicated Radiology Technicians to join the Radiology Department. The selected candidates will be responsible for performing diagnostic imaging procedures such as X-ray, CT, and other imaging studies as assigned, preparing patients for procedures, operating and maintaining radiology equipment, ensuring radiation safety protocols, maintaining accurate records, and collaborating with radiologists and other healthcare professionals to provide high-quality patient care.",https://healthcarejobs.vaidyog.com/,2026-07-24T06:12:46Z
vaidyog,6a4e0b42be769782f06cd3cf,nursing,dr Ballary,Bengaluru,Karnataka,India,IN,+91,15000-16000,15000,16000,per_month,INR,full_time,1,2,nurses,hospital,good,False,2026-07-08,ಸೀನಿಯರ್,https://healthcarejobs.vaidyog.com/,2026-07-24T06:12:46Z
vaidyog,6a4e0491be769782f06cd23c,Junior Staff Nurse – MICU,Sanjeevini Hospital,Bengaluru,Karnataka,India,IN,+91,15000-20000,15000,20000,per_month,INR,full_time,0,3,nurses,hospital,MICU Nursing; Critical Care Nursing; Patient Care; Vital Signs Monitoring; Medication Administration; Infection Control; Clinical Documentation; Communication; Teamwork,False,2026-07-08,"Sanjeevini Hospital is looking for motivated and compassionate Junior Staff Nurses to join the Medical Intensive Care Unit (MICU). The selected candidates will provide nursing care to critically ill patients under the guidance of senior nursing staff and physicians, monitor patient conditions, administer medications, maintain patient records, follow infection control protocols, and support the multidisciplinary team in delivering quality patient care.",https://healthcarejobs.vaidyog.com/,2026-07-24T06:12:46Z
vaidyog,6a4e0074be769782f06cce5f,Senior Staff Nurse – MICU,Sanjeevini Hospital,Bengaluru,Karnataka,India,IN,+91,25000-30000,25000,30000,per_month,INR,full_time,3,8,nurses,hospital,MICU Nursing; Critical Care Nursing; Patient Monitoring; Ventilator Management; Emergency Care; Medication Administration; Infection Control; Clinical Documentation; Teamwork; Communication,False,2026-07-08,"Sanjeevini Hospital is seeking experienced and dedicated Senior Staff Nurses for the Medical Intensive Care Unit (MICU). The selected candidates will be responsible for providing high-quality critical care to patients, monitoring vital signs, administering medications, assisting physicians during emergency procedures, maintaining accurate patient records, ensuring infection control practices, and delivering compassionate patient care while collaborating with the multidisciplinary healthcare team.",https://healthcarejobs.vaidyog.com/,2026-07-24T06:12:46Z
vaidyog,6a4dfce0be769782f06cccc1,Senior Staff Nurse – NICU,Sanjeevini Hospital,Bengaluru,Karnataka,India,IN,+91,25000-30000,25000,30000,per_month,INR,full_time,3,8,nurses,hospital,NICU Nursing; Neonatal Patient Care; Critical Care Nursing; Patient Monitoring; Medication Administration; Infection Control; Communication; Teamwork; Clinical Documentation,False,2026-07-08,"Sanjeevini Hospital is looking for a compassionate and experienced Senior Staff Nurse for the Neonatal Intensive Care Unit (NICU). The selected candidate will provide specialized nursing care to critically ill and premature newborns, monitor patients, administer medications, assist neonatologists during procedures, maintain accurate medical records, educate parents, and ensure adherence to hospital protocols and patient safety standards.",https://healthcarejobs.vaidyog.com/,2026-07-24T06:12:46Z
vaidyog,6a4dfaa5be769782f06cccb7,NICU Incharge,Sanjeevini Hospital,Bengaluru,Karnataka,India,IN,+91,15000-20000,15000,20000,per_month,INR,full_time,3,5,non_clinical,hospital,NICU Management; Neonatal Patient Care; Nursing Supervision; Leadership; Critical Care; Clinical Coordination; Team Management; Communication; Patient Safet,False,2026-07-08,"Sanjeevini Hospital is seeking a dedicated and experienced NICU Incharge to oversee the daily operations of the Neonatal Intensive Care Unit (NICU). The selected candidate will supervise nursing staff, ensure high standards of neonatal patient care, coordinate with doctors and multidisciplinary teams, maintain compliance with hospital protocols, and ensure the efficient functioning of the NICU.",https://healthcarejobs.vaidyog.com/,2026-07-24T06:12:46Z
vaidyog,6a4df894be769782f06ccc2f,Regional Sales Manager,Sanjeevini Hospital,Bengaluru,Karnataka,India,IN,+91,15000-20000,15000,20000,per_month,INR,full_time,5,10,non_clinical,hospital,Sales Management; Business Development; Team Leadership; Regional Sales; Healthcare Sales; Communication; Negotiation; Customer Relationship Management (CRM),False,2026-07-08,"Sanjeevini Hospital is looking for an experienced Regional Sales Manager to lead and expand its sales operations. The candidate will be responsible for developing sales strategies, managing regional sales activities, building relationships with healthcare professionals and partners, achieving revenue targets, and leading a high-performing sales team.",https://healthcarejobs.vaidyog.com/,2026-07-24T06:12:46Z
vaidyog,6a4de103be769782f06cc506,Dental assistant,Smile creators dental clinic,Bengaluru,Karnataka,India,IN,+91,12000-15000,12000,15000,per_month,INR,full_time,0,0,non_clinical,hospital,Chair side assiting,False,2026-07-08,Dental Assistant and receptionist,https://healthcarejobs.vaidyog.com/,2026-07-24T06:12:46Z
vaidyog,6a4ca0e8be769782f06c9a6d,Dental Staff Nurse,Santhvi Dental Hospital,Chennai,Tamil Nadu,India,IN,+91,15000-20000,15000,20000,per_month,INR,full_time,0,3,nurses,hospital,Nursing; Dental Assistance; Patient Care; Infection Control; Sterilization; Communication Skills; Clinical Support,False,2026-07-07,"Santhvi Dental Hospital is seeking a dedicated and compassionate Dental Staff Nurse to assist dentists during procedures, prepare treatment rooms, maintain sterilization protocols, support patient care, manage clinical records, and ensure a safe and hygienic environment.",https://healthcarejobs.vaidyog.com/,2026-07-24T06:12:46Z
vaidyog,6a4c9b9ebe769782f06c96ba,Staff Nurse,Bharathi Raja Hospital,Chennai,Tamil Nadu,India,IN,+91,15000-20000,15000,20000,per_month,INR,full_time,0,3,nurses,hospital,Nursing; Patient Care; Medication Administration; Clinical Skills; IV Cannulation; Emergency Care; Communication Skills,False,2026-07-07,"Bharathi Raja Hospital is looking for compassionate and dedicated Staff Nurses to provide high-quality patient care, administer medications, assist doctors during procedures, monitor patient conditions, maintain accurate medical records, and ensure a safe and supportive healthcare environment.",https://healthcarejobs.vaidyog.com/,2026-07-24T06:12:46Z
vaidyog,6a4c96f1be769782f06c92fa,Staff Nurse,Arul Hospital,Trichy,Tamil Nadu,India,IN,+91,12000-13000,12000,13000,per_month,INR,full_time,0,3,nurses,hospital,Nursing; Patient Care; Medication Administration; Clinical Skills; IV Cannulation; Communication Skills; Emergency Care,False,2026-07-07,"Arul Hospital is seeking compassionate and dedicated Staff Nurses to provide quality patient care, administer medications, assist doctors during treatments and procedures, monitor patient health, maintain medical records, and ensure patient safety.",https://healthcarejobs.vaidyog.com/,2026-07-24T06:12:46Z
vaidyog,6a4c9592be769782f06c91bf,Staff Nurse,Ragav Orthopedic Hospital,Trichy,Tamil Nadu,India,IN,+91,12000-13000,12000,13000,per_month,INR,full_time,0,3,nurses,hospital,Nursing; Patient Care; Orthopedic Nursing; Medication Administration; IV Cannulation; Communication Skills; Emergency Care,False,2026-07-07,"Ragav Orthopedic Hospital is hiring compassionate and dedicated Staff Nurses to provide patient care, assist orthopedic surgeons, administer medications, monitor patients, maintain medical records, and support post-operative recovery.",https://healthcarejobs.vaidyog.com/,2026-07-24T06:12:46Z
vaidyog,6a4c93b4be769782f06c90e2,Staff Nurse,Arogya Hospital,Trichy,Tamil Nadu,India,IN,+91,15000-20000,15000,20000,per_month,INR,full_time,0,3,nurses,hospital,Nursing; Patient Care; Medication Administration; Clinical Skills; Communication; Emergency Care; BLS,False,2026-07-07,"Arogya Hospital is looking for dedicated and compassionate Staff Nurses to provide quality patient care, assist doctors, administer medications, maintain patient records, and ensure a safe healthcare environment.",https://healthcarejobs.vaidyog.com/,2026-07-24T06:12:46Z
vaidyog,6a4bad96be769782f06c86c4,HOD Anaesthesia / Senior Anesthetist,DHEE Hospital,Bengaluru,Karnataka,India,IN,+91,150000-200000,150000,200000,per_annum,INR,full_time,1,5,doctors,hospital,Anaesthesia Management; Regional Anaesthesia; General Anaesthesia; Critical Care; Pain Management; Ventilator Management; ICU Care; Patient Monitoring; Surgical Coordination; Leadership Skills,False,2026-07-06,"DHEE Hospital is seeking an experienced HOD Anaesthesia / Senior Anesthetist to lead the anaesthesiology department. The candidate will be responsible for pre-operative, intra-operative, and post-operative anaesthesia management, supervising junior anesthetists, ensuring patient safety during surgical procedures, managing critical care cases, coordinating with surgical teams, and maintaining clinical protocols and standards.",https://healthcarejobs.vaidyog.com/,2026-07-24T06:12:46Z
vaidyog,6a4bac5cbe769782f06c86ba,Endocrinologist,DHEE Hospital,Bengaluru,Karnataka,India,IN,+91,250000-300000,250000,300000,per_annum,INR,full_time,1,6,doctors,hospital,Endocrinology; Diabetes Management; Thyroid Disorders; Hormonal Disorders; Metabolic Disorders; Clinical Diagnosis; OPD Management; IPD Management; Patient Care; Communication Skills,False,2026-07-06,"DHEE Hospital is hiring a full-time Endocrinologist to diagnose and manage hormonal, metabolic, and endocrine disorders. The candidate will treat conditions such as diabetes, thyroid disorders, obesity, adrenal and pituitary disorders, provide OPD and IPD consultations, interpret diagnostic tests, develop treatment plans, and collaborate with multidisciplinary teams to ensure comprehensive patient care.",https://healthcarejobs.vaidyog.com/,2026-07-24T06:12:46Z
vaidyog,6a4ba8f4be769782f06c8673,Senior Rheumatologist,DHEE Hospital,Bengaluru,Karnataka,India,IN,+91,200000-300000,200000,300000,per_annum,INR,full_time,1,5,doctors,hospital,Rheumatology; Autoimmune Disorders; Rheumatoid Arthritis Management; Lupus Management; Connective Tissue Diseases; Osteoporosis Management; Clinical Diagnosis; OPD Management; IPD Management; Patient Care; Communication Skills,False,2026-07-06,"DHEE Hospital is seeking an experienced Senior Rheumatologist to join its multidisciplinary team on a full-time basis. The selected candidate will diagnose and manage autoimmune, inflammatory, and musculoskeletal disorders such as rheumatoid arthritis, lupus, vasculitis, osteoporosis, and other connective tissue diseases. Responsibilities include OPD and IPD consultations, developing personalized treatment plans, coordinating with other specialists, interpreting diagnostic investigations, and ensuring high-quality patient care.",https://healthcarejobs.vaidyog.com/,2026-07-24T06:12:46Z
vaidyog,6a4ba697be769782f06c85f7,Intern Doctor (MBBS/BAMS),DHEE Hospital,Bengaluru,Karnataka,India,IN,+91,40000-50000,40000,50000,per_month,INR,full_time,0,2,doctors,hospital,Patient Assessment; Clinical Examination; OPD Assistance; IPD Management; Medical Documentation; Emergency Care; Clinical Coordination; Communication Skills; Patient Care; Basic Life Support,False,2026-07-06,"DHEE Hospital is inviting applications for full-time Intern Doctors (MBBS/BAMS). The selected candidates will assist senior consultants in OPD and IPD services, conduct patient assessments, maintain medical records, participate in ward rounds, assist in emergency care, coordinate with nursing and clinical teams, and gain hands-on clinical experience in a multispecialty hospital environment.",https://healthcarejobs.vaidyog.com/,2026-07-24T06:12:46Z
vaidyog,6a4ba4f2be769782f06c8416,Junior OBG Registrar (KMC - BAMS),DHEE Hospital,Bengaluru,Karnataka,India,IN,+91,40000-60000,40000,60000,per_month,INR,full_time,1,2,doctors,hospital,Obstetrics & Gynecology; Patient Assessment; OPD Management; IPD Management; Labor Room Assistance; Medical Documentation; Emergency Care; Clinical Coordination; Communication Skills; Patient Care,False,2026-07-06,"DHEE Hospital is hiring a full-time Junior OBG Registrar (BAMS) to support the Obstetrics & Gynecology department. The selected candidate will assist consultants in managing OPD and IPD patients, perform patient assessments, maintain medical records, assist during labor and deliveries, coordinate with nursing and clinical teams, monitor patient progress, and ensure quality patient care in accordance with hospital protocols.",https://healthcarejobs.vaidyog.com/,2026-07-24T06:12:46Z
vaidyog,6a4ba106be769782f06c83c3,Neurologist,DHEE Hospital,Bengaluru,Karnataka,India,IN,+91,150000-250000,150000,250000,per_annum,INR,full_time,1,5,doctors,hospital,Neurology; Stroke Management; Epilepsy Management; Headache Disorders; Neurophysiology; Clinical Diagnosis; OPD Management; IPD Management; Patient Care; Communication Skills,False,2026-07-06,"DHEE Hospital is urgently hiring a full-time Neurologist to join its multidisciplinary team. The selected candidate will diagnose and treat disorders of the brain, spinal cord, nerves, and muscles. Responsibilities include conducting OPD and IPD consultations, evaluating neurological conditions, interpreting diagnostic investigations, developing treatment plans, collaborating with other specialists, and delivering high-quality patient care.",https://healthcarejobs.vaidyog.com/,2026-07-24T06:12:46Z
vaidyog,6a4b99a1be769782f06c8329,Cardiologist,DHEE Hospital,Bengaluru,Karnataka,India,IN,+91,100000-200000,100000,200000,per_annum,INR,full_time,1,3,doctors,hospital,Cardiology; ECG Interpretation; Echocardiography; Cardiac Patient Management; Interventional Cardiology; OPD Management; IPD Management; Clinical Diagnosis; Critical Care; Communication Skills,False,2026-07-06,"DHEE Hospital is urgently hiring a full-time Cardiologist to join its team in Bengaluru. The selected candidate will be responsible for diagnosing and treating cardiovascular diseases, performing clinical evaluations, interpreting ECGs, echocardiograms, and other cardiac investigations, developing treatment plans, managing both OPD and IPD patients, coordinating with multidisciplinary teams, and ensuring high standards of patient care.",https://healthcarejobs.vaidyog.com/,2026-07-24T06:12:46Z
vaidyog,6a4b9710be769782f06c82a3,Medical Gastroenterologist,DHEE Hospital,Bengaluru,Karnataka,India,IN,+91,600000-700000,600000,700000,per_annum,INR,full_time,1,10,doctors,hospital,DHEE Hospital is hiring a full-time Medical Gastroenterologist to diagnose and treat disorders of the digestive system; liver; pancreas; and gastrointestinal tract. The candidate will provide OPD and IPD consultations; perform diagnostic evaluations; coordinate with multidisciplinary teams; develop treatment plans; and ensure high-quality patient care.,False,2026-07-06,"DHEE Hospital is hiring a full-time Medical Gastroenterologist to diagnose and treat disorders of the digestive system, liver, pancreas, and gastrointestinal tract. The candidate will provide OPD and IPD consultations, perform diagnostic evaluations, coordinate with multidisciplinary teams, develop treatment plans, and ensure high-quality patient care.",https://healthcarejobs.vaidyog.com/,2026-07-24T06:12:46Z
vaidyog,6a4b8f50be769782f06c7d2e,Lab Technician,Om Sai Clinical Lab,Nashik,Maharashtra,India,IN,+91,10000-15000,10000,15000,per_month,INR,full_time,0,3,non_clinical,pharma,Laboratory Testing; Sample Collection; Phlebotomy; Clinical Laboratory; Hematology; Biochemistry; Microbiology; Quality Control; Laboratory Equipment Handling; Medical Documentation; Communication Skills,False,2026-07-06,"Om Sai Clinical Lab is hiring qualified and dedicated Lab Technicians to join our team in Nashik, Maharashtra. The selected candidates will be responsible for collecting and processing patient samples, performing laboratory tests, maintaining laboratory equipment, ensuring accurate reporting, following quality control procedures, and maintaining patient confidentiality.",https://healthcarejobs.vaidyog.com/,2026-07-24T06:12:46Z
vaidyog,6a4b8d84be769782f06c7ce7,Physiotherapist (BPT & DPT),Vaidyog Partner Physiotherapy Clinic,Bengaluru,Karnataka,India,IN,+91,15000-20000,15000,20000,per_month,INR,full_time,2,6,non_clinical,hospital,Physiotherapy; Patient Assessment; Rehabilitation; Manual Therapy; Exercise Therapy; Pain Management; Musculoskeletal Rehabilitation; Neurological Rehabilitation; Orthopedic Physiotherapy; Sports Injury Management; Electrotherapy; Clinical Documentation; Communication Skills,False,2026-07-06,"We are hiring qualified and experienced Physiotherapists for our private limited company operating a physiotherapy clinic in Ramamurthy Nagar, Bengaluru. We are looking for one BPT Physiotherapist with 4–6 years of experience and four DPT Physiotherapists with 2–4 years of experience. The selected candidates will assess, diagnose, and treat patients with musculoskeletal, neurological, sports, and orthopedic conditions, develop personalized treatment plans, monitor patient progress, maintain treatment records, educate patients on rehabilitation and injury prevention, and work collaboratively to deliver high-quality patient care.",https://healthcarejobs.vaidyog.com/,2026-07-24T06:12:46Z
vaidyog,6a4b84fdbe769782f06c7b98,TPA Doctor (BAMS/MBBS),Octavia Hospital,Varanasi,Uttar Pradesh,India,IN,+91,40000-50000,40000,50000,per_month,INR,full_time,3,5,doctors,hospital,TPA Operations; Medical Insurance; Cashless Claims; Pre-Authorization; Medical Documentation; Utilization Review; Hospital Operations; NABH Compliance; Medical Records Management; Communication Skills; Billing Coordination; MIS Reporting,False,2026-07-06,"Hiring a full-time TPA Doctor to manage medical insurance cases, coordinate with TPAs and insurance companies, process cashless and reimbursement claims, ensure timely approvals, maintain accurate documentation, prepare MIS reports, support NABH compliance, and collaborate with clinical and billing departments for seamless patient care.",https://healthcarejobs.vaidyog.com/,2026-07-24T06:12:46Z
vaidyog,6a463f8ebe769782f06be164,Staff Nurse,Prime High Care Hospital,Hyderabad,Telangana,India,IN,+91,14999-35000,14999,35000,per_month,INR,full_time,0,5,nurses,hospital,Patient Care; Nursing Procedures; Medication Administration; IV Cannulation; Clinical Documentation; Emergency Care; Communication Skills; Teamwork,False,2026-07-02,"Prime High Care Hospital is looking for dedicated and qualified Staff Nurses to provide high-quality patient care, administer medications, assist doctors during procedures, monitor patient conditions, maintain nursing records, and ensure adherence to hospital protocols and patient safety standards.",https://healthcarejobs.vaidyog.com/,2026-07-24T06:12:46Z
vaidyog,6a463d47be769782f06be066,Duty Doctor (RMO),Prime High Care Hospital,Hyderabad,Telangana,India,IN,+91,40000-70000,40000,70000,per_month,INR,full_time,0,5,doctors,hospital,Patient Care; Emergency Management; Clinical Assessment; Medical Documentation; Communication Skills; Team Coordination; Critical Care Management,False,2026-07-02,"Prime High Care Hospital is looking for qualified Duty Doctors (RMO) to provide comprehensive patient care, monitor admitted patients, handle emergencies, coordinate with consultants, maintain medical records, and ensure smooth hospital operations during assigned shifts.",https://healthcarejobs.vaidyog.com/,2026-07-24T06:12:46Z
vaidyog,6a450120be769782f06bb839,Radiology Technician,Institution Profile:,Bengaluru,Karnataka,India,IN,+91,15000-15000,15000,15000,per_month,INR,full_time,1,2,non_clinical,hospital,X-Ray Imaging; Radiology Equipment Operation; Patient Positioning; Radiation Safety; Image Processing; Communication Skills; Equipment Maintenance,False,2026-07-01,"RxDx HAL Hospital is hiring a Radiology Technician to perform diagnostic imaging procedures, prepare patients for X-ray and other imaging tests, operate and maintain radiology equipment, ensure radiation safety protocols are followed, and assist radiologists in delivering accurate diagnostic services.",https://healthcarejobs.vaidyog.com/,2026-07-24T06:12:46Z
vaidyog,6a44fed9be769782f06bb82b,Staff Nurse,RxDx HAL Hospital,Bengaluru,Karnataka,India,IN,+91,20000-22000,20000,22000,per_month,INR,full_time,1,2,nurses,hospital,Patient Care; Medication Administration; IV Cannulation; Nursing Procedures; Emergency Care; Clinical Documentation; Communication Skills,False,2026-07-01,"RxDx HAL Hospital is looking for a compassionate and dedicated Staff Nurse to provide quality patient care, administer medications, monitor patient conditions, assist doctors during procedures, maintain nursing records, and ensure adherence to hospital protocols.",https://healthcarejobs.vaidyog.com/,2026-07-24T06:12:46Z
vaidyog,6a44fd46be769782f06bb765,Medical Lab Technician,RxDx HAL Hospital,Bengaluru,Karnataka,India,IN,+91,18000-19999,18000,19999,per_month,INR,full_time,1,1,non_clinical,hospital,Sample Collection; Phlebotomy; Hematology; Biochemistry; Laboratory Testing; Report Documentation; Quality Control,False,2026-07-01,"RxDx HAL Hospital is hiring a Medical Lab Technician to perform routine laboratory investigations, collect and process samples, maintain laboratory equipment, ensure quality standards, and assist doctors with accurate diagnostic reports.",https://healthcarejobs.vaidyog.com/,2026-07-24T06:12:46Z
vaidyog,6a44e104be769782f06babeb,Lab technician,Dr. BALVIR CLINIC,Jaipur,Rajasthan,India,IN,+91,10000-15000,10000,15000,per_month,INR,full_time,1,5,non_clinical,hospital,,False,2026-07-01,"Do CBC, biochemistry tests",https://healthcarejobs.vaidyog.com/,2026-07-24T06:12:46Z
vaidyog,6a44c98cbe769782f06baab0,Pharmacist,Tharak's Diabetes & Diagnostic Centre,Chennai,Tamil Nadu,India,IN,+91,15000-20000,15000,20000,per_month,INR,full_time,0,5,pharmacists,pharma,Pharmacy; Medication Dispensing; Prescription Verification; Inventory Management; Patient Counseling; Drug Knowledge; Communication Skills,False,2026-07-01,"Tharak's Diabetes & Diagnostic Centre is seeking a qualified and dedicated Pharmacist to join our healthcare team. The selected candidate will be responsible for dispensing medications, verifying prescriptions, maintaining pharmacy inventory, counseling patients on the proper use of medicines, and ensuring compliance with pharmacy regulations while supporting diabetes care services.",https://healthcarejobs.vaidyog.com/,2026-07-24T06:12:46Z
vaidyog,6a44c19ebe769782f06ba863,Pharmacist,Blue Dental Clinic,Chennai,Tamil Nadu,India,IN,+91,15000-19999,15000,19999,per_month,INR,full_time,0,3,pharmacists,hospital,Pharmacy; Medication Dispensing; Inventory Management; Drug Knowledge; Prescription Verification; Communication Skills; Patient Counseling,False,2026-07-01,"Blue Dental Clinic is seeking a qualified and responsible Pharmacist to manage the dispensing of medications, maintain pharmacy inventory, ensure compliance with regulatory standards, provide medication counseling to patients, and support the clinical team in delivering quality healthcare services.",https://healthcarejobs.vaidyog.com/,2026-07-24T06:12:46Z
vaidyog,6a44bf2dbe769782f06ba859,Staff Nurse,Chennai Fertility Center,Chennai,Tamil Nadu,India,IN,+91,15000-20000,15000,20000,per_month,INR,full_time,0,3,nurses,hospital,Nursing; Patient Care; IVF Assistance; Medication Administration; IV Cannulation; Communication Skills; Basic Life Support (BLS),False,2026-07-01,"Chennai Fertility Center is looking for compassionate and dedicated Staff Nurses to provide high-quality nursing care to patients undergoing fertility and reproductive treatments. Responsibilities include assisting doctors during procedures, monitoring patients, administering medications, maintaining patient records, educating patients, and ensuring adherence to hospital protocols.",https://healthcarejobs.vaidyog.com/,2026-07-24T06:12:46Z
vaidyog,6a44b3e3be769782f06ba488,Staff Nurse,City Tower Hospital,Chennai,Tamil Nadu,India,IN,+91,16000-20000,16000,20000,per_month,INR,full_time,0,3,nurses,hospital,Nursing; Patient Care; IV Cannulation; Medication Administration; Emergency Care; Communication Skills; Basic Life Support (BLS),False,2026-07-01,"City Tower Hospital is seeking dedicated and compassionate Staff Nurses to provide quality patient care. Responsibilities include monitoring patients, administering medications, assisting physicians during procedures, maintaining medical records, ensuring infection control practices, and delivering professional nursing care in accordance with hospital protocols.",https://healthcarejobs.vaidyog.com/,2026-07-24T06:12:46Z
vaidyog,6a44b0a7be769782f06ba441,Staff Nurse,Aruna Hospital,Chennai,Tamil Nadu,India,IN,+91,15000-20000,15000,20000,per_month,INR,full_time,0,5,nurses,hospital,Nursing; Patient Care; Medication Administration; IV Cannulation; Emergency Care; Communication Skills; Basic Life Support (BLS),False,2026-07-01,"Aruna Hospital is looking for compassionate and dedicated Staff Nurses to provide high-quality patient care. Responsibilities include monitoring patients, administering medications, assisting doctors during procedures, maintaining accurate patient records, and ensuring compliance with hospital policies and infection control standards.",https://healthcarejobs.vaidyog.com/,2026-07-24T06:12:46Z
vaidyog,6a44abc3be769782f06ba300,Staff Nurse,Soundrapandiyan Bone and Joint Hospital,Chennai,Tamil Nadu,India,IN,+91,17000-20000,17000,20000,per_month,INR,full_time,0,3,nurses,hospital,Nursing; Patient Care; IV Cannulation; Medication Administration; Emergency Care; Communication Skills; Basic Life Support (BLS),False,2026-07-01,"We are looking for a dedicated and compassionate Staff Nurse to join our team at Soundrapandiyan Bone and Joint Hospital. The candidate will provide quality patient care, assist doctors during treatments and procedures, administer medications, maintain patient records, and ensure adherence to hospital protocols.",https://healthcarejobs.vaidyog.com/,2026-07-24T06:12:46Z
vaidyog,6a43b513be769782f06b8e61,Staff Nurse,Aravinth Hospital,Chennai,Tamil Nadu,India,IN,+91,15000-20001,15000,20001,per_month,INR,full_time,0,4,nurses,hospital,Nursing; Patient Care; IV Cannulation; Medication Administration; BLS; Patient Monitoring; Communication Skills,False,2026-06-30,"Aravinth Hospital is seeking dedicated and compassionate Staff Nurses to provide quality patient care, administer medications, monitor patient health, assist physicians during treatments and procedures, maintain accurate patient records, and ensure compliance with hospital protocols.",https://healthcarejobs.vaidyog.com/,2026-07-24T06:12:46Z
vaidyog,6a43b36fbe769782f06b8e57,Staff Nurse,Gem Hospital,Chennai,Tamil Nadu,India,IN,+91,15000-19999,15000,19999,per_month,INR,full_time,0,5,nurses,hospital,Nursing; Patient Care; IV Cannulation; Medication Administration; BLS; Communication Skills,False,2026-06-30,"Gem Hospital is hiring compassionate and dedicated Staff Nurses to provide high-quality patient care, administer medications, monitor patient conditions, assist doctors during procedures, maintain patient records, and ensure adherence to hospital protocols.",https://healthcarejobs.vaidyog.com/,2026-07-24T06:12:46Z
vaidyog,6a43b13fbe769782f06b8e4d,Staff Nurse,Indian Prime Hospital,Chennai,Tamil Nadu,India,IN,+91,15000-19999,15000,19999,per_month,INR,full_time,0,5,nurses,hospital,Nursing; Patient Care; IV Cannulation; Medication Administration; BLS; Communication Skills,False,2026-06-30,"Indian Prime Hospital is looking for dedicated and compassionate Staff Nurses to provide quality patient care, administer medications, assist doctors during treatments, monitor patient health, and maintain accurate medical records.",https://healthcarejobs.vaidyog.com/,2026-07-24T06:12:46Z
vaidyog,6a425fe7be769782f06b573c,Staff Nurse,Arul Hospital,Chennai,Tamil Nadu,India,IN,+91,20000-24999,20000,24999,per_month,INR,full_time,2,2,nurses,hospital,Patient Care; Nursing Care; Clinical Assistance; Vital Signs Monitoring; Medication Administration; Communication Skills,False,2026-06-29,"Arul Hospital is hiring Staff Nurses for multiple vacancies at its Old Perungalathur, Chennai facility. The selected candidates will be responsible for providing quality patient care, assisting doctors, monitoring patient health, administering medications, and maintaining nursing standards.",https://healthcarejobs.vaidyog.com/,2026-07-24T06:12:46Z
vaidyog,6a425c19be769782f06b55ef,Staff Nurse,Swetha Hospital,Chennai,Tamil Nadu,India,IN,+91,20000-25000,20000,25000,per_month,INR,full_time,2,1,nurses,hospital,Patient Care; Nursing Care; Clinical Assistance; Vital Signs Monitoring; Medication Administration; Communication Skills,False,2026-06-29,"Swetha Hospital is hiring Staff Nurses for multiple vacancies at its Madipakkam, Chennai facility. The selected candidates will provide quality nursing care, assist doctors, monitor patients, and ensure high standards of patient care in a hospital environment.",https://healthcarejobs.vaidyog.com/,2026-07-24T06:12:46Z
vaidyog,6a425677be769782f06b5069,Staff Nurse,SN Hospital,Chennai,Tamil Nadu,India,IN,+91,20000-25000,20000,25000,per_month,INR,full_time,2,2,nurses,hospital,Patient Care; Nursing Care; Clinical Assistance; Vital Signs Monitoring; Medication Administration; Communication Skills,False,2026-06-29,"SN Hospital is hiring Staff Nurses for multiple vacancies at its Perambur, Chennai facility. Qualified nursing professionals are invited to apply for full-time positions to provide quality patient care in a hospital environment.",https://healthcarejobs.vaidyog.com/,2026-07-24T06:12:46Z
vaidyog,6a424da2be769782f06b4998,General Physician,Ortho Multi-Speciality Hospital,Kolar,Karnataka,India,IN,+91,45000-60000,45000,60000,per_month,INR,full_time,0,2,doctors,hospital,General Medicine; Patient Diagnosis; OPD Management; Emergency Care; Clinical Assessment; Medical Documentation; Communication Skills; Patient Counselling,False,2026-06-29,"We are hiring a General Physician for an Ortho Multi-Speciality Hospital in Kolar. The candidate will be responsible for diagnosing and treating patients, providing outpatient and inpatient medical care, coordinating with specialists, managing medical emergencies, and ensuring quality patient care.",https://healthcarejobs.vaidyog.com/,2026-07-24T06:12:46Z
vaidyog,6a424ba8be769782f06b485d,Staff Nurse,Ortho Multi-Speciality Hospital,Kolar,Karnataka,India,IN,+91,20000-25000,20000,25000,per_month,INR,full_time,0,1,nurses,hospital,Patient Care; Nursing Care; Medication Administration; IV Cannulation; Emergency Care; Post-operative Care; Communication Skills; BLS; Infection Control,False,2026-06-29,"We are hiring qualified Staff Nurses for an Ortho Multi-Speciality Hospital in Kolar. Candidates should provide quality nursing care, assist doctors during treatments and surgeries, monitor patients, administer medications, and maintain accurate patient records.",https://healthcarejobs.vaidyog.com/,2026-07-24T06:12:46Z
vaidyog,6a423637be769782f06b3c83,Duty Doctor (MBBS / BMS),Pura Hospital,Vijayapura,Karnataka,India,IN,+91,80000-90000,80000,90000,per_month,INR,full_time,0,1,doctors,hospital,Patient Care; Emergency Medicine; Clinical Diagnosis; General Medicine; OPD Management; First Aid; Medical Consultation,False,2026-06-29,"Urgent hiring for a Duty Doctor at Pura Hospital. Candidates with MBBS or BMS qualification are eligible. The role involves providing general medical care, patient consultation, and emergency support services. Immediate joining with good salary package offered.",https://healthcarejobs.vaidyog.com/,2026-07-24T06:12:46Z
vaidyog,6a42344cbe769782f06b3b0a,Male Caretaker,NursePlus,Bengaluru,Karnataka,India,IN,+91,15000-20000,15000,20000,per_month,INR,full_time,1,10,non_clinical,hospital,Patient Care; Caregiving; Vital Signs Monitoring; Mobility Support; Elder Care; Hindi Communication; Home Care Support,False,2026-06-29,"NursePlus is looking for an experienced Male Caretaker for a 24/7 live-in home care assignment. The patient is mobile with support. Care duties include vital signs monitoring, supportive care, no diaper assistance during the day and only required at night if needed. Immediate joining required.",https://healthcarejobs.vaidyog.com/,2026-07-24T06:12:46Z
vaidyog,6a422676be769782f06b3660,Male Staff Nurse (Rotational Shifts),Madhumeha Healthcare,Bengaluru,Karnataka,India,IN,+91,20000-25001,20000,25001,per_month,INR,full_time,3,3,nurses,hospital,Nursing Care; Patient Monitoring; Industrial Healthcare; Emergency Support; Vital Signs Monitoring; GNM/B.Sc Nursing Skills,False,2026-06-29,"We are hiring Male Staff Nurses for rotational shift duties at Toyota Industries, Jigani Industrial Area. The role involves providing occupational and industrial healthcare support, patient monitoring, and general nursing care. Immediate requirement with 2 vacancies available.",https://healthcarejobs.vaidyog.com/,2026-07-24T06:12:46Z
vaidyog,6a42174fbe769782f06b2ab1,Female Staff Nurse (Stitch Removal),NursePlus,Bengaluru,Karnataka,India,IN,+91,20000-24999,20000,24999,per_month,INR,full_time,1,10,nurses,hospital,Stitch Removal; Suture Removal; Wound Care; Dressing; Patient Care; Nursing Procedures; Infection Control,False,2026-06-29,NursePlus is looking for an experienced Female Staff Nurse for a short-term home care assignment involving stitch removal. The duty is scheduled for today from 1:30 PM to 3:00 PM. Candidates should be experienced in wound assessment and safe stitch (suture) removal procedures.,https://healthcarejobs.vaidyog.com/,2026-07-24T06:12:46Z
vaidyog,6a4215abbe769782f06b2976,Male Caretaker,NursePlus,Bengaluru,Karnataka,India,IN,+91,15000-19999,15000,19999,per_month,INR,full_time,1,10,non_clinical,hospital,Patient Care; Caregiving; Vital Signs Monitoring; Supportive Care; Mobility Assistance; Elder Care; Hindi Communication,False,2026-06-29,"NursePlus is looking for an experienced Male Caretaker for a home care assignment in Electronic City, Bengaluru. The patient is walkable, does not require diaper care, and only needs regular vital signs monitoring and supportive care. This is a 24/7 live-in caregiving role with immediate joining. Candidates should be able to communicate in Hindi.",https://healthcarejobs.vaidyog.com/,2026-07-24T06:12:46Z
vaidyog,6a421428be769782f06b283b,Locum / Reliever Duty Doctor (MBBS),Tata Power,Mumbai,Maharashtra,India,IN,+91,4000-4000,,,,,full_time,3,3,doctors,hospital,MBBS; Clinical Examination; General Medicine; Emergency Care; Patient Management; Medical Consultation; Occupational Health,False,2026-06-29,"Urgent requirement for a Male Locum / Reliever Duty Doctor to work at Tata Power, Carnac Bunder, Mumbai. Candidates must hold an MBBS degree with a minimum of 3 years of clinical experience. The assignment runs from 1st July 2025 to 31st August 2026 with a day shift from 8:30 AM to 5:30 PM. Compensation is ₹4,000 per day.",https://healthcarejobs.vaidyog.com/,2026-07-24T06:12:46Z
vaidyog,6a4212e1be769782f06b2700,Male Caretaker,NursePlus,Bengaluru,Karnataka,India,IN,+91,15000-19999,15000,19999,per_month,INR,full_time,1,10,non_clinical,hospital,Patient Care; Elder Care; Supportive Care; Mobility Assistance; Personal Care; Caregiving; Hindi Communication,False,2026-06-29,"NursePlus is looking for an experienced Male Caretaker for a home care assignment in Banashankari 3rd Stage, Bengaluru. The patient is walkable with support and does not require diaper care. The role involves providing supportive care during a 12-hour day shift. Immediate joining from tomorrow is required.",https://healthcarejobs.vaidyog.com/,2026-07-24T06:12:46Z
vaidyog,6a4211bebe769782f06b26f6,Female Paediatric Nurse,NursePlus,Bengaluru,Karnataka,India,IN,+91,25000-29999,25000,29999,per_month,INR,full_time,2,9,nurses,hospital,Paediatric Nursing; Tracheostomy Care; BiPAP Management; Tube Feeding; Medication Administration; Patient Care; Supportive Care,False,2026-06-29,"NursePlus is looking for an experienced Female Paediatric Nurse for a home care assignment in Kengeri, Bengaluru. The patient requires tracheostomy and BiPAP care, tube feeding every 3 hours, regular medication administration, and supportive nursing care. Immediate joining (from tomorrow or the day after) is required. Food and accommodation will be provided.",https://healthcarejobs.vaidyog.com/,2026-07-24T06:12:46Z
vaidyog,6a420f42be769782f06b23b9,Consultant Doctor – Dermatologist / Orthopedician,Springleaf Healthcare Pvt. Ltd.,Bengaluru,Karnataka,India,IN,+91,90000-100001,90000,100001,per_annum,INR,full_time,2,3,doctors,hospital,Dermatology; Orthopedics; Patient Care; Diagnosis; Clinical Consultation; Medical Ethics,False,2026-06-29,"Springleaf Healthcare Pvt. Ltd. is urgently hiring qualified Consultant Doctors for its healthcare facility located in Konappana Agrahara, Electronic City, Bengaluru. Open positions include Dermatologist and Orthopedician. Interested candidates or referrals are encouraged to apply immediately.",https://healthcarejobs.vaidyog.com/,2026-07-24T06:12:46Z
vaidyog,6a3fa822be769782f06b0225,Radiologist,Kasturi Das Memorial Hospital,Kolkata,West Bengal,India,IN,+91,100000-200000,100000,200000,per_annum,INR,full_time,1,3,doctors,hospital,Radiology; Diagnostic Imaging; X-Ray Interpretation; CT Scan Reporting; MRI Reporting; Ultrasound Reporting; Clinical Diagnosis,False,2026-06-27,"Responsible for interpreting diagnostic imaging studies including X-rays, CT scans, MRI, ultrasound, and other radiological procedures. Prepare accurate diagnostic reports, collaborate with clinicians for patient management, ensure quality imaging services, and maintain compliance with hospital and regulatory standards",https://healthcarejobs.vaidyog.com/,2026-07-24T06:12:46Z
vaidyog,6a3fa510be769782f06b0112,Sonologist,Calcutta Heart Clinic,Kolkata,West Bengal,India,IN,+91,30000-40000,30000,40000,per_month,INR,full_time,1,3,doctors,hospital,Ultrasonography; Sonography; Diagnostic Imaging; Ultrasound Reporting; Patient Care; Clinical Diagnosis,False,2026-06-27,"Responsible for performing diagnostic ultrasound examinations, interpreting sonographic findings, preparing accurate reports, collaborating with referring physicians, ensuring patient safety during imaging procedures, and maintaining high standards of diagnostic care.",https://healthcarejobs.vaidyog.com/,2026-07-24T06:12:46Z
vaidyog,6a3fa169be769782f06afecd,Duty Doctor (Night Shift – MBBS),Jeevika Hospital,Bengaluru,Karnataka,India,IN,+91,80000-90000,80000,90000,per_month,INR,full_time,1,5,doctors,hospital,Emergency Medicine; Casualty Management; Patient Monitoring; Clinical Diagnosis; MBBS; Emergency Response; Basic Critical Care,False,2026-06-27,"Responsible for managing casualty and emergency patients during the night shift, providing immediate medical care, stabilizing patients, monitoring admitted cases, coordinating with consultants, maintaining medical records, and ensuring quality patient care throughout the shift.",https://healthcarejobs.vaidyog.com/,2026-07-24T06:12:46Z
vaidyog,6a3f9f85be769782f06afd55,Nursing Superintendent,Mahanandi Hospital,Bengaluru,Karnataka,India,IN,+91,35000-40000,35000,40000,per_month,INR,full_time,3,10,nurses,hospital,Nursing Administration; Staff Management; Patient Care; Hospital Operations; Leadership; Clinical Coordination,False,2026-06-27,"Responsible for supervising nursing staff, ensuring quality patient care, managing nursing operations, scheduling staff, implementing hospital policies, coordinating with doctors, maintaining compliance with healthcare standards, and overseeing patient safety.",https://healthcarejobs.vaidyog.com/,2026-07-24T06:12:47Z
vaidyog,6a3f8d80be769782f06af5ab,General Physician (Morning Slot – MBBS/MD),Mahanandi Hospital,Bengaluru,Karnataka,India,IN,+91,70000-80000,70000,80000,per_month,INR,full_time,0,3,doctors,hospital,General Medicine; Clinical Diagnosis; OPD Consultation; Patient Care; MBBS; MD,False,2026-06-27,"Provide outpatient consultation, diagnose and treat common illnesses, prescribe medications, maintain patient records, offer preventive healthcare guidance, and coordinate referrals when required. Suitable for doctors with limited experience.",https://healthcarejobs.vaidyog.com/,2026-07-24T06:12:47Z
vaidyog,6a3f8c01be769782f06af4ea,Duty Doctor (Night Shift – MBBS/MD),Mahanandi Hospital,Bengaluru,Karnataka,India,IN,+91,55000-60000,55000,60000,per_month,INR,full_time,1,5,doctors,hospital,Emergency Medicine; Critical Care Handling; Patient Monitoring; Clinical Diagnosis; MBBS; MD,False,2026-06-27,"Responsible for managing emergency and inpatient care during night shift, including patient monitoring, emergency response, and clinical decision-making.",https://healthcarejobs.vaidyog.com/,2026-07-24T06:12:47Z
vaidyog,6a3f866fbe769782f06af457,Duty Doctor (General Physician – MBBS/MD),Mahanandi Hospital,Bengaluru,Karnataka,India,IN,+91,45000-50000,45000,50000,per_month,INR,full_time,1,5,doctors,hospital,General Medicine; Emergency Care; OPD/IPD Management; Patient Diagnosis; Clinical Examination; MBBS; MD; Patient Care,False,2026-06-27,"We are looking for a Duty Doctor for hospital inpatient and outpatient care during the afternoon shift. The doctor will be responsible for patient evaluation, emergency handling, and routine clinical duties.",https://healthcarejobs.vaidyog.com/,2026-07-24T06:12:47Z
vaidyog,6a3e8279be769782f06ad339,Medical Officer,Kanchan Hospital,"Lormi, Mungeli",Chhattisgarh,India,IN,+91,80000-100000,80000,100000,per_annum,INR,full_time,3,10,doctors,hospital,,False,2026-06-26,"Casualty duty, ward duty, OPDs",https://healthcarejobs.vaidyog.com/,2026-07-24T06:12:47Z
vaidyog,6a3c15c6be769782f06a8aac,Ophthalmologist/ Eye Surgeon,Swastik Eye and Dental Care,Mau,Uttar Pradesh,India,IN,+91,150000-220000,150000,220000,per_annum,INR,full_time,0,30,doctors,hospital,"Sound knowledge of subject ,Hard working ,soft spoken and ready to improve",False,2026-06-24,Full Time Ophthalmologist,https://healthcarejobs.vaidyog.com/,2026-07-24T06:12:47Z
