source,job_id,title,company,facility,city,country,salary_raw,salary_min_monthly,salary_max_monthly,salary_period_original,job_type,job_shift,category,category_original,education,experience_raw,experience_min_years,experience_max_years,needs_review,posted_date,expires_at,description,job_url,scraped_at
purehealth,4694,Registered Nurse - CICU,PureHealth,SEHA,Abu Dhabi,United Arab Emirates,Not Disclosed,,,,full_time,Shift,nurses,Nursing,Bachelor's Degree,"Minimum of 2 years of recent experience in a Cardiac ICU (CICU), Coronary Care Unit (CCU), Cardiovascular ICU (CVICU), or Critical Care setting.",2,,False,2026-07-24,2026-09-30,"Key Responsibilities Deliver safe, high-quality nursing care to critically ill cardiac patients in accordance with hospital policies and international best practices. Perform comprehensive patient assessments and continuously monitor clinical status, identifying and responding promptly to any deterioration. Monitor and interpret cardiac rhythms, hemodynamic parameters, and invasive monitoring devices. Care for patients with conditions including: Acute Coronary Syndrome (ACS) Myocardial Infarction (MI) Heart Failure Cardiogenic Shock Life-threatening Arrhythmias Cardiac Arrest Post Cardiac Catheterization complications Manage patients receiving advanced cardiovascular therapies such as: Mechanical Ventilation Arterial Lines Central Venous Catheters Temporary Pacemakers Intra-Aortic Balloon Pump (IABP) ECMO (where applicable) Impella devices (where applicable) Continuous Renal Replacement Therapy (CRRT) when required Administer medications, vasoactive infusions, anticoagulants, thrombolytics, and blood products safely and accurately. Recognize and respond effectively during medical emergencies, including Code Blue situations, utilizing ACLS protocols. Collaborate with cardiologists, intensivists, cardiac surgeons, respiratory therapists, pharmacists, and other healthcare professionals to develop and implement individualized care plans. Educate patients and their families regarding treatment plans, disease management, medications, discharge planning, and lifestyle modifications. Maintain accurate, timely, and complete patient documentation within the electronic medical record. Ensure compliance with infection prevention, patient safety, and quality improvement initiatives. Participate in unit-based education, competency assessments, audits, and continuous professional development activities. Mentor junior nurses and support students or newly hired staff during orientation when required. Qualifications Current Registered Nurse license. Valid DOH, DHA, or MOH license/eligibility (for UAE positions) is preferred. Minimum of 2 years of recent experience in a Cardiac ICU (CICU), Coronary Care Unit (CCU), Cardiovascular ICU (CVICU), or Critical Care setting. Current BLS and ACLS certifications are mandatory. CCRN or Cardiac Nursing certification is an advantage.",https://fa-eutv-saasfaprod1.fa.ocs.oraclecloud.com/hcmUI/CandidateExperience/en/sites/CX_6007/job/4694,2026-07-27T08:44:07Z
purehealth,4582,Midwife,PureHealth,Sheikh Shakhbout Medical City (SSMC),Abu Dhabi,United Arab Emirates,Not Disclosed,,,,full_time,Shift,nurses,Nursing,Bachelor's Degree,,,,False,2026-07-16,2026-08-31,"Requirements • Bachelor's Degree in Midwifery, or Nursing with a recognized Midwifery qualification • Valid DOH Licence, DOH Eligibility Letter, or eligibility to obtain one • Proven experience in Labour & Delivery or Maternity Care • Strong clinical skills with a compassionate, patient-centred approach Every birth is a life-changing moment. Join a team where your expertise, dedication, and compassionate care make a lasting impact on mothers, babies, and families every day.",https://fa-eutv-saasfaprod1.fa.ocs.oraclecloud.com/hcmUI/CandidateExperience/en/sites/CX_6007/job/4582,2026-07-27T08:44:09Z
purehealth,4583,Consultant Physician,PureHealth,Sheikh Shakhbout Medical City (SSMC),Abu Dhabi,United Arab Emirates,Not Disclosed,,,,full_time,Shift,doctors,Medical,Master's Degree,,,,False,2026-07-16,2026-08-31,"Consultant Physician Opportunities | Sheikh Shakhbout Medical City (SSMC), Abu Dhabi Join one of the UAE's largest hospitals for serious and complex care, built on world-class standards in collaboration with Mayo Clinic. SSMC is expanding its team of distinguished specialists, and we're seeking exceptional Consultant Physicians across the following subspecialties: Current Openings: Palliative Care Medicine Allergy and Immunology Oncology Haematology Critical Care (Neurocritical Care) Neurology (Movement Disorders) Neurology (Headache) Cardiology – Electrophysiology Cardiology – Cardiac CT Please note: Only Tier 1 candidates will be considered for these roles.",https://fa-eutv-saasfaprod1.fa.ocs.oraclecloud.com/hcmUI/CandidateExperience/en/sites/CX_6007/job/4583,2026-07-27T08:44:10Z
purehealth,4545,Assistant Nurse,PureHealth,Abu Dhabi-Emirates Humantarian City,Abu Dhabi,United Arab Emirates,Not Disclosed,,,,full_time,Shift,nurses,Administration,Bachelor's Degree,Minimum of 2 years in similar health setting Desired: Educational Qualification: Required: •,2,,False,2026-07-15,2026-09-30,"• Under the supervision of the Registered Nurse, assesses and implements nursing care for patients ensuring a patient-centered approach to care. • Assists in the activities of daily living for patients in accordance with the patient care plan e.g. distribution of patient meals and assisting patients with hygiene needs. • Reports any significant changes in the patient’s condition to a registered nurse-RN immediately. • Responds to all levels of emergencies according to the organization’s policies and procedures. • Ensure timely, accurate communication and complete documentation with patients to include verbal and written correspondence with the patient or the patient’s representative. • Collaborates with the interdisciplinary team in the management of effective and efficient patient- centered care in a professional manner. • Responsible for documentation and participation in the use of information technology and relevant electronic medical records. • Assists registered nurses - RNs and clerical staff in administrative duties as required • Ensures patients and families are provided with comprehensive information and resources to meet their health care needs. • Maintains confidentiality regarding patient and family information by promoting professional interdisciplinary communication • Provides feedback on strategies to decrease costs and effective utilization of resources • Maintains adequate inventory of examination room supplies and prepares exam rooms at the beginning and end of day and between each patient contact. • Outpatient setting: Interact with clinic patients during the appointment time frame. Interactions with the patient may include greeting, rooming, vital signs, preparing the patient for exams or procedures, and providing instruction follow-up directions to the patient. • Ensure exam rooms, stations and clinic areas are stocked with adequate supplies to promote efficient patient care. • Complete all other tasks and duties as assigned by the line manager. Accountabilities • Apply relationship-building values and the principles of team dynamics to perform effectively in different team roles to plan and deliver patient/population-centered care that is safe, timely, efficient, effective, and equitable • Ensures the registered nurse is informed of observations and care provided for patients and documented appropriately. • Gathers records of patients regarding current problems, medications, and allergies and reviews the medical record • Manages all timely communication and documentation relating to individual patient care as delegated by the nurse in charge. • Maintains a safe and secure unit environment, identify report, and document any risks and/or incidents appropriately. Experience :- Required: • Minimum of 2 years in similar health setting Desired: Educational Qualification: Required: • Diploma of Nursing not less than eighteen (18) months course duration • AND Current National License • AND BLS Desired: • ACLS, PALS relevant to the area of specialty.",https://fa-eutv-saasfaprod1.fa.ocs.oraclecloud.com/hcmUI/CandidateExperience/en/sites/CX_6007/job/4545,2026-07-27T08:44:11Z
purehealth,4395,Registered Midwife,PureHealth,Sheikh Khalifa Hospital General,Abu Dhabi,United Arab Emirates,Not Disclosed,,,,full_time,Regular,nurses,Nursing,Bachelor's Degree,Experience Minimum of two (2) years of recent clinical experience as a Registered Midwife in a hospital maternity unit.,2,,False,2026-07-06,2026-09-30,"Key Responsibilities Antenatal Care Perform comprehensive maternal assessments during pregnancy. Monitor maternal and fetal wellbeing using evidence-based clinical practices. Identify high-risk pregnancies and promptly escalate concerns to the Obstetrician. Educate expectant mothers on pregnancy, nutrition, birth planning, breastfeeding, and newborn care. Intrapartum Care Provide continuous care and support during labor and childbirth. Conduct normal vaginal deliveries within the approved scope of practice. Monitor labor progression and fetal wellbeing using appropriate assessment tools. Administer medications and treatments as prescribed. Recognize and respond promptly to obstetric emergencies, including postpartum hemorrhage, fetal distress, shoulder dystocia, and eclampsia. Assist Obstetricians during instrumental deliveries and Caesarean sections when required. Postnatal & Newborn Care Perform postnatal assessments for mothers and newborns. Promote early skin-to-skin contact and successful breastfeeding initiation. Assess newborn adaptation and provide routine neonatal care. Educate parents regarding newborn care, immunization schedules, family planning, and maternal recovery. Identify maternal or neonatal complications requiring immediate intervention. Patient Safety & Quality Deliver care in accordance with DOH Abu Dhabi regulations, hospital policies, and international best practices. Maintain infection prevention and control standards. Participate in clinical audits, quality improvement initiatives, and patient safety programs. Ensure accurate medication administration and safe clinical practices. Documentation Maintain complete, accurate, and timely electronic medical records. Document all assessments, interventions, medications, labor progress, delivery details, and patient education. Maintain patient confidentiality in accordance with UAE healthcare regulations. Collaboration Work collaboratively with Obstetricians, Neonatologists, Pediatricians, Anesthetists, Nurses, and Allied Health Professionals. Participate in multidisciplinary rounds, shift handovers, emergency response teams, and case discussions. Support junior staff and student midwives through mentorship when required. Qualifications Bachelor's Degree in Midwifery Licensure Valid DOH (Department of Health – Abu Dhabi) Midwife License or Eligibility for DOH licensure (DataFlow completed and DOH requirements met). Experience Minimum of two (2) years of recent clinical experience as a Registered Midwife in a hospital maternity unit. Experience in Labor & Delivery, Antenatal, Postnatal, and Newborn Care is required. Experience in tertiary or acute care hospitals is preferred.",https://fa-eutv-saasfaprod1.fa.ocs.oraclecloud.com/hcmUI/CandidateExperience/en/sites/CX_6007/job/4395,2026-07-27T08:44:13Z
purehealth,4396,Registered Nurse - PICU,PureHealth,Tamouh-Emirates Humanitarian City,Abu Dhabi,United Arab Emirates,Not Disclosed,,,,full_time,Shift,nurses,Nursing,Bachelor's Degree,Experience Minimum of two (2) years of recent clinical experience in a Pediatric Intensive Care Unit (PICU) within an acute care hospital.,2,,False,2026-07-06,2026-09-30,"Key Responsibilities Clinical Care Provide comprehensive nursing care to critically ill pediatric patients admitted to the PICU. Perform comprehensive patient assessments and continuously monitor physiological status. Recognize and respond promptly to changes in patient condition, escalating concerns appropriately. Develop, implement, and evaluate individualized nursing care plans. Administer medications, intravenous therapies, blood products, and specialized treatments safely and accurately. Operate and monitor advanced critical care equipment, including: Mechanical ventilators Cardiac monitors Infusion and syringe pumps Central venous pressure (CVP) monitoring systems Arterial lines High-flow oxygen therapy Assist physicians during emergency procedures including intubation, central line insertion, chest tube insertion, lumbar puncture, and resuscitation. Maintain accurate and timely clinical documentation within the electronic medical record (EMR). Patient & Family Care Deliver compassionate, family-centered care while supporting patients and families during critical illness. Educate parents and caregivers regarding treatment plans, procedures, medications, and discharge instructions. Promote family involvement while maintaining patient privacy and confidentiality. Patient Safety & Quality Ensure compliance with infection prevention and control policies. Adhere to medication safety standards and hospital clinical protocols. Identify and report clinical risks, adverse events, and patient safety incidents. Participate in quality improvement initiatives, audits, and accreditation activities. Collaboration Collaborate effectively with pediatric intensivists, physicians, respiratory therapists, pharmacists, physiotherapists, dietitians, and allied health professionals. Participate in multidisciplinary rounds and contribute to clinical decision-making. Support mentoring and orientation of newly hired nursing staff and students when assigned. Professional Development Maintain professional competency through continuing education and mandatory training. Participate in departmental meetings, educational sessions, and competency assessments. Demonstrate professional accountability in accordance with the Department of Health (DOH) regulations, hospital policies, and nursing ethical standards. Qualifications Education Bachelor's Degree in Nursing (BSN) from an accredited institution. Licensure Valid DOH Registered Nurse License, or Eligibility for DOH licensing through DataFlow verification and examination. Experience Minimum of two (2) years of recent clinical experience in a Pediatric Intensive Care Unit (PICU) within an acute care hospital. Previous experience in a tertiary or academic hospital is preferred.",https://fa-eutv-saasfaprod1.fa.ocs.oraclecloud.com/hcmUI/CandidateExperience/en/sites/CX_6007/job/4396,2026-07-27T08:44:14Z
purehealth,2503,Registered Nurse - OT,PureHealth,SEHA,Abu Dhabi,United Arab Emirates,Not Disclosed,,,,full_time,Regular,nurses,Nursing,,,,,False,2026-07-03,2026-09-30,"Key Responsibilities Prepare and maintain operating rooms for surgical procedures. Ensure availability and proper functioning of surgical instruments, equipment, and supplies. Maintain sterile field and adhere to infection prevention and control protocols. Assist surgeons and anesthetists during surgical procedures. Perform scrub nurse and circulating nurse duties as assigned. Monitor patients before, during, and after surgery and report any changes in condition. Conduct instrument, sponge, and needle counts according to hospital policy. Administer medications and treatments as prescribed. Ensure accurate and timely nursing documentation and patient records. Coordinate with multidisciplinary teams to ensure smooth surgical operations. Handle surgical specimens according to hospital protocols. Respond promptly and effectively during emergencies in the operating room. Participate in patient safety initiatives, audits, and quality improvement activities. Educate patients and families regarding perioperative care when applicable. Maintain compliance with hospital policies, UAE healthcare regulations, and accreditation standards.",https://fa-eutv-saasfaprod1.fa.ocs.oraclecloud.com/hcmUI/CandidateExperience/en/sites/CX_6007/job/2503,2026-07-27T08:44:15Z
purehealth,2156,Staff Nurse (Critical Cardiac Care),PureHealth,"Al Dar, Abu Dhabi",Abu Dhabi,United Arab Emirates,Not Disclosed,,,,full_time,Regular,nurses,Nursing,Bachelor's Degree,Experience: Minimum 2–3 years in cardiac critical care or cardiac ICU (UAE/GCC experience preferred).,2,3,False,2026-06-19,2026-07-31,"Job Title: Critical Cardiac Care Nurse Location: United Arab Emirates Employment Type: Full-time Job Summary We are seeking an experienced and highly skilled Critical Cardiac Care Nurse to join our specialized cardiac care team in the UAE. This role involves providing advanced nursing care to patients with acute and chronic cardiac conditions, including those requiring intensive monitoring and life-support interventions. The ideal candidate will demonstrate strong clinical expertise, critical thinking, and the ability to work effectively in high-pressure environments. Key Responsibilities Deliver specialized nursing care to patients with complex cardiac conditions in Cardiac ICU or Critical Care Units . Monitor and manage patients on advanced cardiac support systems (e.g., ventilators, intra-aortic balloon pumps, pacemakers). Administer medications, IV therapy, and cardiac-specific treatments as prescribed. Perform continuous cardiac monitoring and interpret ECGs and hemodynamic parameters. Respond promptly to cardiac emergencies, including arrhythmias and cardiac arrest, following ACLS protocols. Collaborate with cardiologists and multidisciplinary teams to develop and implement individualized care plans. Educate patients and families on cardiac health, recovery, and lifestyle modifications. Maintain accurate documentation of patient assessments, interventions, and outcomes. Qualifications & Requirements Education: Bachelor of Science in Nursing (BSN) or equivalent. Licensure: Valid DHA/DOH/MOH license or eligibility in the UAE. Experience: Minimum 2–3 years in cardiac critical care or cardiac ICU (UAE/GCC experience preferred). Certifications: Basic Life Support (BLS) Advanced Cardiovascular Life Support (ACLS) Critical Care Nursing Certification (preferred) Strong knowledge of cardiac pathophysiology, pharmacology, and advanced monitoring techniques. Excellent communication, teamwork, and decision-making skills. Ability to work rotating shifts, including nights and weekends.",https://fa-eutv-saasfaprod1.fa.ocs.oraclecloud.com/hcmUI/CandidateExperience/en/sites/CX_6007/job/2156,2026-07-27T08:44:16Z
purehealth,2560,Cath Lab Staff Nurse,PureHealth,"Al Dar, Abu Dhabi",Abu Dhabi,United Arab Emirates,Not Disclosed,,,,full_time,Regular,nurses,Administration,Bachelor's Degree,"Minimum 2–3 years of experience in a Cath Lab, Cardiology Unit, or Critical Care Unit •",2,3,False,2026-06-19,2026-07-31,"Job Description • Provide direct nursing care to patients undergoing diagnostic and interventional cardiac procedures • Assist cardiologists during catheterization, angioplasty, pacemaker insertion, electrophysiology studies, and related procedures • Prepare and maintain sterile fields and ensure adherence to infection control standards • Monitor patient vital signs, hemodynamic data, and respond promptly to emergencies • Administer medications, sedatives, and IV infusions as per established protocols • Perform pre-procedure assessments and provide post-procedure care, patient education, and discharge instructions • Maintain accurate and timely clinical documentation • Operate Cath Lab equipment and ensure equipment readiness and functionality • Collaborate with multidisciplinary teams to ensure safe and efficient patient care • Participate in on-call rotation for emergency cardiac procedures Requirements • Bachelor’s degree in Nursing from a recognized university • Valid UAE Nursing License or Eligibility (DOH / DHA / MOH) • Completion of clinical training in cardiac care or critical care nursing (preferred) • Minimum 2–3 years of experience in a Cath Lab, Cardiology Unit, or Critical Care Unit • Proven experience supporting cardiac catheterization, angioplasty, stent placement, pacemaker insertion, or electrophysiology procedures • Strong knowledge of sterile techniques and infection control standards • Experience with hemodynamic monitoring and emergency response in cardiac settings • Ability to work in high-acuity environments with rapid clinical decision-making • Proficiency in operating Cath Lab equipment and monitoring systems • Strong patient assessment, clinical documentation, and post-procedure care skills • Effective coordination within multidisciplinary teams • Willingness to participate in on-call duties for emergency cardiac procedures",https://fa-eutv-saasfaprod1.fa.ocs.oraclecloud.com/hcmUI/CandidateExperience/en/sites/CX_6007/job/2560,2026-07-27T08:44:18Z
purehealth,3248,Occupational Therapist (Arabic Speaker),PureHealth,"Al Dar, Abu Dhabi",Abu Dhabi,United Arab Emirates,Not Disclosed,,,,full_time,Regular,non_clinical,Allied Health,Bachelor's Degree,"Key Responsibilities Assess patients’ functional, sensory, cognitive, and motor skills Develop and implement individualized occupational therapy treatment plans Support patients with activities of dai",2,5,False,2026-06-19,2026-07-31,"Key Responsibilities Assess patients’ functional, sensory, cognitive, and motor skills Develop and implement individualized occupational therapy treatment plans Support patients with activities of daily living (ADLs), fine motor, sensory, and cognitive skills Provide rehabilitation for pediatric, neurological, orthopedic, and developmental conditions Educate patients and caregivers on therapy techniques and home programs Monitor progress and maintain accurate documentation Collaborate with multidisciplinary teams to ensure comprehensive care Follow hospital policies and UAE healthcare regulations Requirements Bachelor’s / Master’s degree in occupational therapy Minimum 2–5 years of experience as an Occupational Therapist DOH / DHA / MOH license required Experience in pediatric, neurological, orthopedic, or rehabilitation settings preferred Strong clinical, communication, and teamwork skills UAE hospital experience is an advantage Arabic language is mandatory",https://fa-eutv-saasfaprod1.fa.ocs.oraclecloud.com/hcmUI/CandidateExperience/en/sites/CX_6007/job/3248,2026-07-27T08:44:19Z
purehealth,3405,Practical Nurse,PureHealth,"Al Dar, Abu Dhabi",Abu Dhabi,United Arab Emirates,Not Disclosed,,,,full_time,Regular,nurses,Nursing,Bachelor's Degree,,,,False,2026-06-19,2026-07-31,"We are currently hiring Practical Nurses for Sheikh Shakhbout Medical City (SSMC), Abu Dhabi. All specialties are welcome to apply ⚠️ Note: Only candidates who are qualified as Practical Nurses are encouraged to apply. Shortlisted candidates will be invited to attend an in-person interview at SSMC on 1st & 2nd May. If you are interested, please apply",https://fa-eutv-saasfaprod1.fa.ocs.oraclecloud.com/hcmUI/CandidateExperience/en/sites/CX_6007/job/3405,2026-07-27T08:44:20Z
purehealth,3423,Patient Care Assistant (Non-Licensed),PureHealth,Abu Dhabi,Abu Dhabi,United Arab Emirates,Not Disclosed,,,,full_time,Regular,non_clinical,Administration,,,,,False,2026-06-19,2026-07-31,"Job Title: Patient Care Assistant (Non-Licensed) We are seeking compassionate and reliable Patient Care Assistants to support healthcare teams in delivering quality patient care. Key Responsibilities: Assist patients with daily living activities such as bathing, feeding, and mobility Support nursing staff with basic patient care tasks Maintain cleanliness and hygiene of patient areas Monitor and report patient conditions to medical staff Provide emotional support and ensure patient comfort Requirements: Previous experience in a healthcare or caregiving role preferred Good communication and interpersonal skills Physically fit and able to handle patient support tasks Compassionate, patient-focused attitude If you are dedicated to supporting patient wellbeing and working as part of a healthcare team, we encourage you to apply.",https://fa-eutv-saasfaprod1.fa.ocs.oraclecloud.com/hcmUI/CandidateExperience/en/sites/CX_6007/job/3423,2026-07-27T08:44:21Z
purehealth,1914,Clinical Psychologist,PureHealth,"Al Dar, Abu Dhabi",Abu Dhabi,United Arab Emirates,Not Disclosed,,,,full_time,Regular,non_clinical,Allied Health,Bachelor's Degree,,,,False,2026-04-30,2026-07-31,"We are seeking a skilled and compassionate Clinical Psychologist to join our healthcare team. The role involves providing psychological assessment, therapy, and support to patients with a wide range of mental health conditions. The successful candidate will work closely with physicians, nurses, and other healthcare professionals to deliver patient-centered care. Key Responsibilities: Conduct psychological assessments, diagnostic evaluations, and therapy sessions. Develop individualized treatment plans and monitor patient progress. Provide evidence-based interventions such as CBT, psychodynamic therapy, or other appropriate modalities. Collaborate with multidisciplinary teams to ensure holistic patient care. Offer crisis intervention and support for patients experiencing acute psychological distress. Maintain accurate, confidential, and up-to-date patient records. Participate in case discussions, supervision, and continuous professional development. Educate patients and families on mental health conditions, coping strategies, and available support systems. Requirements: Master’s degree or Doctorate in Clinical Psychology from an accredited institution. Valid license/registration as a Clinical Psychologist in the UAE (DOH). Clinical experience (preferably in a Mental Health hospital). Strong knowledge of psychological assessment tools and therapeutic interventions. Fluency in Arabic is preferred due to patient group.",https://fa-eutv-saasfaprod1.fa.ocs.oraclecloud.com/hcmUI/CandidateExperience/en/sites/CX_6007/job/1914,2026-07-27T08:44:23Z
purehealth,2105,Associate Director –Services (UPP KA),PureHealth,"Al Dar, Abu Dhabi",Abu Dhabi,United Arab Emirates,Not Disclosed,,,,full_time,Regular,non_clinical,Administration,Bachelor's Degree,Experience 10-12 years of experience in healthcare industry Minimum 3 -5 years of managerial experience leading group of people Knowledge of Pharmaceutical or Medical Consumable preferred Critical exp,10,12,False,2025-11-14,,"Job Purpose This position is responsible for leading the account management function under commercial division. The key responsibility of this position is to achieve budgets and strategic targets by stakeholder management of existing clients. The role requires people and relationship management across the organization to ensure quality delivery of product and services to our customers. Additionally, the position holder is responsible for identifying sales prospects, leads, new revenue streams, pitching & selling goods & services as well as maintaining good relationship with stakeholders. The position holder is expected to lead new client pitching, proposal creation, onboarding process and manage other new revenue streams in coordination with account management team & project managers. Responsibilities Strategy and Objectives Formulate, implement and benchmark development strategies for each client (sister companies, Govt. & commercial entities) to deliver budget / strategic business targets Core Responsibilities Work to achieve budget, strategic business targets and performance objectives by managing existing clients Champion and continuously improve Customer Relationship Management (CRM) systems and functions and map customers, stakeholders, end users, Govt. & trade bodies and associations, promote strong personal relationships with all business influencers to drive revenue Represent the company in key stakeholder meetings, customer meetings, trade and industry briefings, conferences and external forums Understand the needs of the client and ensure they are met by coordinating with relevant stakeholders within the organization. Deliver best in class service quality and account management in coordination with internal divisions and department Provide leadership and guidance to account managers and other staff within the division to meet targets and objectives Serve as a point of contact for customers in Rafed’s portfolio. Resolve issues and challenges and strengthen customer’s trust Undertake any other tasks as directed by Chief Commercial Officer Organization, Resources and Monitoring Proactively identify and seek professional development opportunities to improve capabilities and technical skills related to the section’s functional requirements. People Management Lead, support and guide the Account Managers to deliver their targets and resolve challenges / bottleneck Promote the Organizational culture and values within the team Stakeholder Management Lead, drive and support the relationship management with internal stakeholders & clients. Policies and Procedures Ensure compliance of all policies and procedures of Rafed and Pure Health Group while delivering the roles and responsibilities Reporting Prepare required reports as per the section’s reporting requirements internally within GPO and externally as applicable or any other reports as directed by Chief Commercial Officer Job Qualifications Education, Skills and Certifications Bachelor’s degree in business administration or a related discipline. Masters would be a plus English language is required; Arabic language (written & spoken) is preferred. Experience 10-12 years of experience in healthcare industry Minimum 3 -5 years of managerial experience leading group of people Knowledge of Pharmaceutical or Medical Consumable preferred Critical experience required Management experience Excellent communication and interpersonal abilities with aptitude in fostering long term relationship Outstanding Organizational & leadership skills Manage multiple priorities and execute with a sense of urgency Steer & lead meetings based on a clear agenda and presentation Demonstrate experience in negotiation and meeting client requirements Relevant experience Experience in dealing with sensitive and confidential information Systems experience Experience in MS Word, MS Excel and MS PowerPoint is required",https://fa-eutv-saasfaprod1.fa.ocs.oraclecloud.com/hcmUI/CandidateExperience/en/sites/CX_6007/job/2105,2026-07-27T08:44:24Z
