job_id,title,job_url
58679644,Executive,https://jobs.narayanahealth.org/NH-India/job/New-Delhi-Executive-New-110096/58679644/
58692044,Junior Executive,https://jobs.narayanahealth.org/NH-India/job/Howrah-Junior-Executive-WB-711103/58692044/
58703944,Executive,https://jobs.narayanahealth.org/NH-India/job/Howrah-Executive-WB-711103/58703944/
58630244,Senior Manager,https://jobs.narayanahealth.org/NH-India/job/Jaipur-Senior-Manager-RJ-302033/58630244/
58583444,Senior Executive,https://jobs.narayanahealth.org/NH-India/job/Gurgaon-Senior-Executive-HR-122002/58583444/
58587844,Lead - TA Shared Services,https://jobs.narayanahealth.org/NH-India/job/Bangalore-Lead-TA-Shared-Services-KA-560099/58587844/
58548644,Senior Executive,https://jobs.narayanahealth.org/NH-India/job/Mumbai-Senior-Executive-MH-400034/58548644/
58555244,Operations Partner - Talent Acquisition,https://jobs.narayanahealth.org/NH-India/job/Bangalore-Operations-Partner-Talent-Acquisition-KA-560099/58555244/
58558444,Talent Acquisition Specialist,https://jobs.narayanahealth.org/NH-India/job/Bangalore-Talent-Acquisition-Specialist-KA-560099/58558444/
58429044,Executive,https://jobs.narayanahealth.org/NH-India/job/Bangalore-Executive-KA-560099/58429044/
58397644,Executive,https://jobs.narayanahealth.org/NH-India/job/Bangalore-Executive-KA-560099/58397644/
58416044,Assistant,https://jobs.narayanahealth.org/NH-India/job/Bangalore-Assistant-KA-560099/58416044/
58356144,Junior Executive,https://jobs.narayanahealth.org/NH-India/job/Bangalore-Junior-Executive-KA-560099/58356144/
58271644,Senior Executive,https://jobs.narayanahealth.org/NH-India/job/Bangalore-Senior-Executive-KA-560099/58271644/
