country_name,country_code,country_dial_code,city_name,company_name,company_type,company_logo,company_about,title,description,job_type,category,application_url,posted_at,min_experience,max_experience,min_salary,max_salary,salary_period,salary_currency,is_active,expires_at
Saudi Arabia,SA,+966,Riyadh,"King Faisal Specialist Hospital, Riyadh",hospital,,"The King Faisal Specialist Hospital & Research Centre, Riyadh, with 1,300+ beds, is the most high acuity tertiary-care centre in the entire Arabian Peninsula. Opened in 1975, it is constantly expanding and updating its facilities and services, and has the latest in technology and treatment methods. The hospital specializes in the treatment of, and research in, cardiology, oncology, organ transplant, and genetic diseases.",Nursing Program Director - Critical Care,"The King Faisal Specialist Hospital and Research Center (KFSH&RC) is a modern, 1,300+ bed Joint Commission International (JCI)-accredited academic medical facility located in Riyadh , the vibrant capital city of Saudi Arabia . The Nursing Program Director - Critical Care is responsible for: Surgical Oncology ICU (L9), 28 beds MICU-C, 12 beds Adult CSICU, 10 beds Pediatric CSICU, 13 beds Cardiovascular Stepdown Unit (CVSD), 7 Pediatric beds and 5 Adult beds PICU, 20 beds Requirements: Must hold a Master's Degree in Nursing or Related Must hold a Bachelor's degree in Nursing (online degrees are not accepted) Current nursing (RN) license Must have a minimum of eight years nursing experience, including three years current experience in a senior/executive level leadership role (e.g., Director/Program Director) in the relevant area, working in a large tertiary-care hospital Benefits: Tax-free income Accommodations provided Annual airfare Medical coverage Annual Leave: 36 calendar days + 12 religious/public ​holidays",full_time,nurses,https://www.hziegler.com/jobs/nursing-program-director-critical-care--king-faisal-riyadh.html,2024-12-23,8,,,,,,true,
Saudi Arabia,SA,+966,Riyadh,"King Faisal Specialist Hospital, Riyadh",hospital,,"The King Faisal Specialist Hospital & Research Centre, Riyadh, with 1,300+ beds, is the most high acuity tertiary-care centre in the entire Arabian Peninsula. Opened in 1975, it is constantly expanding and updating its facilities and services, and has the latest in technology and treatment methods. The hospital specializes in the treatment of, and research in, cardiology, oncology, organ transplant, and genetic diseases.",Nursing Program Director - Oncology,"The King Faisal Specialist Hospital and Research Center (KFSH&RC) is a modern, 1,300+ bed Joint Commission International (JCI)-accredited academic medical facility located in Riyadh , the vibrant capital city of Saudi Arabia . Requirements: Must hold a Master's Degree in Nursing or Related Must hold a Bachelor's degree in Nursing (online degrees are not accepted) Current nursing (RN) license Must have a minimum of eight years nursing experience, including three years current experience in a senior/executive level leadership role (e.g., Director/Program Director) in the relevant area, working in a large tertiary-care hospital Benefits: Tax-free income Accommodations provided Annual airfare Medical coverage Annual Leave: 36 calendar days + 12 religious/public ​holidays",full_time,nurses,https://www.hziegler.com/jobs/nursing-program-director-oncology--king-faisal-riyadh.html,2025-05-20,8,,,,,,true,
Saudi Arabia,SA,+966,Riyadh,"King Faisal Specialist Hospital, Riyadh",hospital,,"The King Faisal Specialist Hospital & Research Centre, Riyadh, with 1,300+ beds, is the most high acuity tertiary-care centre in the entire Arabian Peninsula. Opened in 1975, it is constantly expanding and updating its facilities and services, and has the latest in technology and treatment methods. The hospital specializes in the treatment of, and research in, cardiology, oncology, organ transplant, and genetic diseases.",Nurse Practitioner - Genomics/Precision Medicine,"The King Faisal Specialist Hospital and Research Center (KFSH&RC) is a modern, 1,300+ bed Joint Commission International (JCI)-accredited academic medical facility located in Riyadh , the vibrant capital city of Saudi Arabia . Requirements: Bachelor's degree in Nursing (online/distance education programs cannot be considered) Master's degree in Nursing (online/distance education programs cannot be considered) Current nursing (RN) license Must hold Board Certification as a Nurse Practitioner/Advanced Practice Nurse in the relevant specialty Must have a minimum of six years of recent experience as a Registered Nurse at a large acute-care teaching hospital, of which two years of current, full-time experience must be working as a Board-certified Nurse Practitioner (after receiving Master's degree ), in Genomics/Precision Medicine in a large, tertiary, teaching setting Benefits: Tax-free income Accommodations provided Annual Air Transportation Medical coverage Annual Leave: 36 calendar days + 12 religious/public ​holidays",full_time,nurses,https://www.hziegler.com/jobs/nurse-practitioner-genomics-precision-medicine--king-faisal-riyadh.html,2024-12-23,6,,,,,,true,
Saudi Arabia,SA,+966,Riyadh,"King Faisal Specialist Hospital, Riyadh",hospital,,"The King Faisal Specialist Hospital & Research Centre, Riyadh, with 1,300+ beds, is the most high acuity tertiary-care centre in the entire Arabian Peninsula. Opened in 1975, it is constantly expanding and updating its facilities and services, and has the latest in technology and treatment methods. The hospital specializes in the treatment of, and research in, cardiology, oncology, organ transplant, and genetic diseases.",Nursing Education Coordinator - Oncology,"The King Faisal Specialist Hospital and Research Center (KFSH&RC) is a modern, 1,300+ bed Joint Commission International (JCI)-accredited academic medical facility located in Riyadh , the vibrant capital city of Saudi Arabia . Coordinates the provision of educational resources to provide safe, patient and family focused quality care in accordance with the American Nurses Association and Nursing Administration Scope & Standards of Practice. Responsible for the performance management of Clinical Instructors. Responsibilities: Assesses clinical practice needs utilizing unit specific data, behavioural competencies and evidence based practice relating to specialty area, develops strategies and educational plans including cost benefit analyses that demonstrates improvement in patient care outcomes. Designs evidence-based curriculum that includes critical and reflective thinking, Hospital’s vision and mission, and NA’s vision, mission, values and guiding principles. Evaluates, modifies, implements and manages evidence based educational programs, strategies and assessment methods. Evaluates externally produced curriculum and writes recommendations for suitability to internal implementation. Participates in academic curriculum reviews from requesting university-based schools of nursing. Participates in the orientation of new staff, nursing students, nurse interns, new graduate nurses and other healthcare professionals. Participates in interdisciplinary efforts to address health care issues and educational needs locally, regionally, nationally, or internationally. Requirements: Master's degree in Nursing Bachelor's degree in Nursing (online programs cannot be considered) Current nursing (RN) license Must have a minimum of six years recent experience as an RN in a tertiary setting, of which at least the past two years must be in a similar role Must have experience in oncology nursing/education Benefits Include: Tax-free income Accommodations provided Return airfare Medical coverage Annual Leave: 36 calendar days + 12 religious/public ​holidays",full_time,nurses,https://www.hziegler.com/jobs/nursing-education-coordinator-oncology--king-faisal-riyadh.html,2025-09-22,6,,,,,,true,
Saudi Arabia,SA,+966,Riyadh,"King Faisal Specialist Hospital, Riyadh",hospital,,"The King Faisal Specialist Hospital & Research Centre, Riyadh, with 1,300+ beds, is the most high acuity tertiary-care centre in the entire Arabian Peninsula. Opened in 1975, it is constantly expanding and updating its facilities and services, and has the latest in technology and treatment methods. The hospital specializes in the treatment of, and research in, cardiology, oncology, organ transplant, and genetic diseases.",Assistant Nurse Manager - Operating Room (General OR/OR Level II),"The King Faisal Specialist Hospital and Research Center (KFSH&RC) is a modern, 1,300+ bed Joint Commission International (JCI)-accredited academic medical facility located in Riyadh , the vibrant capital city of Saudi Arabia . Summary: Operating Room Level II has 22 operating rooms (plus one L&D OR, one DMU OR, one Emergency Medical Services OR, and one OR at the Children's Cancer Centre). OR Level II specialties include: General Surgery B-HIPEC and IORT procedures Orthopedic Surgery Neurosurgery Gynecology L&D Urology ENT/Base of Skull/Oral Surgery Pediatric Surgery Ophthalmic Surgery Plastic Surgery The CVOR (four ORs) and the Organ Transplant OR (eight ORs) are separate. Requirements: Bachelor's degree in Nursing (online/distance education programs cannot be considered) Current nursing (RN) license A minimum of four years recent experience as a Registered Nurse in a mid- to large-sized acute-care hospital, including a minimum of one to two years of current experience in a similar position in a General OR at a large, acute-care teaching hospital At this time, the hospital can consider only FEMALE applicants. Benefits: Tax-free income Accommodations provided Annual Air Transportation Medical coverage Annual Leave: 36 calendar days + 12 religious/public ​holidays",full_time,nurses,https://www.hziegler.com/jobs/assistant-head-nurse-OR-II--king-faisal-riyadh.html,2024-08-23,4,,,,,,true,
Saudi Arabia,SA,+966,Riyadh,"King Faisal Specialist Hospital, Riyadh",hospital,,"The King Faisal Specialist Hospital & Research Centre, Riyadh, with 1,300+ beds, is the most high acuity tertiary-care centre in the entire Arabian Peninsula. Opened in 1975, it is constantly expanding and updating its facilities and services, and has the latest in technology and treatment methods. The hospital specializes in the treatment of, and research in, cardiology, oncology, organ transplant, and genetic diseases.",Nurse Manager - Oncology,"The King Faisal Specialist Hospital and Research Center (KFSH&RC) is a modern, 1,300+ bed Joint Commission International (JCI)-accredited academic medical facility located in Riyadh , the vibrant capital city of Saudi Arabia . Requirements: Bachelor's degree in Nursing (online/distance education programs cannot be considered) Current nursing (RN) license A minimum of six years recent experience as a Registered Nurse in a mid- to large-sized acute-care hospital, including a minimum of two years of current experience in a similar position managing a medical oncology unit at a large, tertiary teaching hospital Benefits: Tax-free income Accommodations provided Annual Air Transportation Medical coverage Annual Leave: 36 calendar days + 12 religious/public ​holidays",full_time,nurses,https://www.hziegler.com/jobs/nurse-manager-oncology--king-faisal-riyadh.html,2022-07-12,6,,,,,,true,
Saudi Arabia,SA,+966,Riyadh,"King Faisal Specialist Hospital, Riyadh",hospital,,"The King Faisal Specialist Hospital & Research Centre, Riyadh, with 1,300+ beds, is the most high acuity tertiary-care centre in the entire Arabian Peninsula. Opened in 1975, it is constantly expanding and updating its facilities and services, and has the latest in technology and treatment methods. The hospital specializes in the treatment of, and research in, cardiology, oncology, organ transplant, and genetic diseases.",Nurse Manager - Transplant OR,"The King Faisal Specialist Hospital and Research Center (KFSH&RC) is a modern, 1,300+ bed Joint Commission International (JCI)-accredited academic medical facility located in Riyadh , the vibrant capital city of Saudi Arabia . This OR at the King Abdullah Center for Oncology and Liver Disease has eight suites. Procedures include: liver transplant; abdominal organ transplant; pancreatic transplant; organ harvest; other liver and general surgeries. Requirements: Bachelor's degree in Nursing (online/distance education programs cannot be considered) Current nursing (RN) license A minimum of six years recent experience as a Registered Nurse in a mid- to large-sized acute-care hospital, including a minimum of two years of current experience in a similar position managing a Transplant OR at a large, tertiary teaching hospital Benefits: Tax-free income Accommodations provided Annual Air Transportation Medical coverage Annual Leave: 36 calendar days + 12 religious/public ​holidays",full_time,nurses,https://www.hziegler.com/jobs/nurse-manager-transplant-or--king-faisal-riyadh.html,2022-11-28,6,,,,,,true,
Saudi Arabia,SA,+966,Riyadh,"King Faisal Specialist Hospital, Riyadh",hospital,,"The King Faisal Specialist Hospital & Research Centre, Riyadh, with 1,300+ beds, is the most high acuity tertiary-care centre in the entire Arabian Peninsula. Opened in 1975, it is constantly expanding and updating its facilities and services, and has the latest in technology and treatment methods. The hospital specializes in the treatment of, and research in, cardiology, oncology, organ transplant, and genetic diseases.",RN - Adult Cardiac Surgical ICU (CSICU),"The King Faisal Specialist Hospital and Research Center (KFSH&RC) is a modern, 1,300+ bed Joint Commission International (JCI)-accredited academic medical facility located in Riyadh , the vibrant capital city of Saudi Arabia . The Adult Cardiac Surgical Intensive Care Unit has 10 beds, plus 5 step down beds. The most common cardiac surgical procedures include: Coronary Artery Bypass Surgery Valve Repair and/or Replacement Thoracic Aortic Aneurysm Repair Heart and lung Transplant Congenital Cardiac Defect Repairs Requirements: Bachelor's degree in Nursing (online/distance education programs cannot be considered) Current nursing (RN) license Must have a minimum of THREE years current experience as an RN in Cardiac Surgical ICU Benefits Include: Tax-free income Single-status contract Accommodations provided Return airfare Medical coverage Annual Leave: 36 calendar days + 12 religious/public ​holidays",full_time,nurses,https://www.hziegler.com/jobs/rn-adult-cardiac-surgical-icu-csicu--king-faisal-riyadh.html,2019-11-19,3,,,,,,true,
Saudi Arabia,SA,+966,Riyadh,Confidential Client (via Helen Ziegler & Associates),hospital,,,RN - Critical Care,"One-of-a-kind opportunity for Critical Care Nurses to work in a private clinic managed by an American hospital. Requirements: Bachelor's degree in Nursing required Current RN license in the USA Minimum three years of current experience in ER or ICU in a mid- to large-sized acute-care setting in the USA Applicants must be US citizens Flight nurse experience strongly preferred The employer can consider only American MALE candidates. For more information, please apply with your resume/CV.",full_time,nurses,https://www.hziegler.com/jobs/rn-critical-care--riyadh.html,2021-03-14,3,,,,,,true,
Saudi Arabia,SA,+966,Riyadh,"King Faisal Specialist Hospital, Riyadh",hospital,,"The King Faisal Specialist Hospital & Research Centre, Riyadh, with 1,300+ beds, is the most high acuity tertiary-care centre in the entire Arabian Peninsula. Opened in 1975, it is constantly expanding and updating its facilities and services, and has the latest in technology and treatment methods. The hospital specializes in the treatment of, and research in, cardiology, oncology, organ transplant, and genetic diseases.",RN - Intensive Care Unit (ICU),"The King Faisal Specialist Hospital and Research Center (KFSH&RC) is a modern, 1,300+ bed Joint Commission International (JCI)-accredited academic medical facility located in Riyadh , the vibrant capital city of Saudi Arabia . Medical and Surgical ICUs include (i.e., not including cardiac, neonatal, and pediatric ICUs): The 15-bed Surgical Special Care Unit ( SSCU-B ) treats patients who have undergone major surgical procedures such as: craniotomy; aorto-femoral bypass; and transplants (except liver, which are seen on L10 below, and cardiac, which are seen on the CSICU). Cardiac patients may also be treated here if beds are unavailable in the CSICU. The Oncology/Medical ICU ( L9 ) has 31 beds, and sees patients aged 14 and older with medical or oncologic conditions. The 12-bed MICU-E is a Medical ICU that treats patients aged 13 and older, many of whom are chronically ventilated The 26-bed Liver ICU and HDU ( L10 ) has 26 beds, and sees patients aged 14 and older, who are either liver donor or recipient patients, or who are medical/surgical oncology patients. 1,500 patients (age 14 and up) are admitted annually. Approximately 65% of patients are surgical cases. Nurse to patient ratio: 1 : 1 or 2 Requirements: Bachelor's degree in Nursing (online/distance education programs cannot be considered) Current nursing (RN) license Must have a minimum of two years current experience as an RN in ICU in a tertiary-care hospital Benefits: Tax-free income Single-status contract Accommodations provided Return airfare Medical coverage Annual Leave: 36 calendar days + 12 religious/public ​holidays",full_time,nurses,https://www.hziegler.com/jobs/rn-intensive-care-unit--king-faisal-riyadh.html,2019-06-28,2,,,,,,true,
Saudi Arabia,SA,+966,Riyadh,"King Faisal Specialist Hospital, Riyadh",hospital,,"The King Faisal Specialist Hospital & Research Centre, Riyadh, with 1,300+ beds, is the most high acuity tertiary-care centre in the entire Arabian Peninsula. Opened in 1975, it is constantly expanding and updating its facilities and services, and has the latest in technology and treatment methods. The hospital specializes in the treatment of, and research in, cardiology, oncology, organ transplant, and genetic diseases.",RN - Liver Transplant ICU,"The King Faisal Specialist Hospital and Research Center (KFSH&RC) is a modern, 1,300+ bed Joint Commission International (JCI)-accredited academic medical facility located in Riyadh , the vibrant capital city of Saudi Arabia . Summary: This 26 bed unit provides acute, intensive care for surgical liver donor and recipient patients aged 14 years and above and medical surgical oncology patients requiring intensive care. These patients require intensive care for post-operative management and observation of the underlying medical condition. Requirements: Bachelor's degree in Nursing (online/distance education programs cannot be considered) Current nursing (RN) license Must have a minimum of two years current experience as an RN in Liver Transplant ICU. Benefits: Tax-free income Single-status contract Accommodations provided Return airfare Medical coverage Annual Leave: 36 calendar days + 12 religious/public ​holidays",full_time,nurses,https://www.hziegler.com/jobs/rn-liver-transplant-icu--king-faisal-riyadh.html,2020-11-25,2,,,,,,true,
Saudi Arabia,SA,+966,Medina,"King Faisal Specialist Hospital, Medina",hospital,,"This 300-bed, tertiary hospital opened in 2021.",RN - NICU,"The King Faisal Specialist Hospital - Medina is a new, 280-bed tertiary specialist hospital located in Medina , Saudi Arabia . This hospital opened in 2022, and is the newest campus of the King Faisal Specialist Hospital & Research Centre, whose other sites are in Riyadh and Jeddah . Requirements: Bachelor's degree in Nursing (please note, online BSNs cannot be accepted) Current nursing (RN) license Must have a minimum of two years current experience as an RN in Level III NICU in a tertiary-care hospital The hospital can consider only FEMALE candidates at this time. Benefits: Tax-free income Single-status contract Housing/housing allowance provided Return airfare Medical coverage Annual Leave: 36 calendar days + 12 religious/public ​holidays",full_time,nurses,https://www.hziegler.com/jobs/rn-nicu--king-faisal-medina.html,2025-07-04,2,,,,,,true,
Saudi Arabia,SA,+966,Riyadh,"King Faisal Specialist Hospital, Riyadh",hospital,,"The King Faisal Specialist Hospital & Research Centre, Riyadh, with 1,300+ beds, is the most high acuity tertiary-care centre in the entire Arabian Peninsula. Opened in 1975, it is constantly expanding and updating its facilities and services, and has the latest in technology and treatment methods. The hospital specializes in the treatment of, and research in, cardiology, oncology, organ transplant, and genetic diseases.",RN - Neonatal ICU (NICU),"The King Faisal Specialist Hospital and Research Center (KFSH&RC) is a modern, 1,300+ bed Joint Commission International (JCI)-accredited academic medical facility located in Riyadh , the vibrant capital city of Saudi Arabia . Scope of Service: The Neonatal Intensive Care Unit (NICU) is a Level III referral center providing comprehensive service to premature infants and their families. It has 30 beds, of which 19 are Level III (6 Isolation beds) and 11 are Level II. Requirements: Bachelor's degree in Nursing (online/distance education programs cannot be considered) Current nursing (RN) license Must have a minimum of two years current experience as an RN in Level III NICU in a tertiary setting. At this time, the hospital can consider only FEMALE applicants. Benefits Include: Tax-free income Single-status contract Accommodations provided Return airfare Medical coverage Annual Leave: 36 calendar days + 12 religious/public ​holidays",full_time,nurses,https://www.hziegler.com/jobs/rn-neonatal-intensive-care--king-faisal-riyadh.html,2023-07-07,2,,,,,,true,
Saudi Arabia,SA,+966,Riyadh,"King Faisal Specialist Hospital, Riyadh",hospital,,"The King Faisal Specialist Hospital & Research Centre, Riyadh, with 1,300+ beds, is the most high acuity tertiary-care centre in the entire Arabian Peninsula. Opened in 1975, it is constantly expanding and updating its facilities and services, and has the latest in technology and treatment methods. The hospital specializes in the treatment of, and research in, cardiology, oncology, organ transplant, and genetic diseases.",RN - Pediatric Cardiac Surgical ICU (CSICU),"The King Faisal Specialist Hospital and Research Center (KFSH&RC) is a modern, 1,300+ bed Joint Commission International (JCI)-accredited academic medical facility located in Riyadh , the vibrant capital city of Saudi Arabia . The Pediatric Cardiac Surgical Intensive Care Unit has 13 beds. The most common cardiac surgical procedures include: Congenital cardiac defect repairs Coronary artery bypass surgery Valve repair and/or replacement Heart transplant ECMO/VAD bridge to recovery and/or transplant Pacemaker implantation Left ventricular assist device Assist with emergency procedures at bed side (open chest, ECMO cannulation, percutaneous tracheostomy) Requirements: Bachelor's degree in Nursing (online/distance education programs cannot be considered) Current nursing (RN) license Must have a minimum of two years current experience as an RN in pediatric cardiac surgical ICU Benefits: Tax-free income Single-status contract Accommodations provided Return airfare Medical coverage Annual Leave: 36 calendar days + 12 religious/public ​holidays",full_time,nurses,https://www.hziegler.com/jobs/rn-pediatric-cardiac-surgical-icu-csicu--king-faisal-riyadh.html,2019-11-19,2,,,,,,true,
Saudi Arabia,SA,+966,Riyadh,"King Faisal Specialist Hospital, Riyadh",hospital,,"The King Faisal Specialist Hospital & Research Centre, Riyadh, with 1,300+ beds, is the most high acuity tertiary-care centre in the entire Arabian Peninsula. Opened in 1975, it is constantly expanding and updating its facilities and services, and has the latest in technology and treatment methods. The hospital specializes in the treatment of, and research in, cardiology, oncology, organ transplant, and genetic diseases.",RN - Pediatric ICU (PICU),"The King Faisal Specialist Hospital and Research Center (KFSH&RC) is a modern, 1,300+ bed Joint Commission International (JCI)-accredited academic medical facility located in Riyadh , the vibrant capital city of Saudi Arabia . The Pediatric Intensive Care Unit has 18 beds and primarily treats: Congenital heart disease, pre- and post-operative cardiac surgery Hematology/Oncology Immunocompromised patients Metabolic disorders Pediatric General Surgery, Neurosurgery, Vascular Surgery, ENT, Endocrinology All sick medical patients requiring intensive care Requirements: Bachelor's degree in Nursing (online/distance education programs cannot be considered) Current nursing (RN) license Must have a minimum of two years current experience as an RN in PICU At this time, the hospital can consider only FEMALE applicants. Benefits Include: Tax-free income Single-status contract Accommodations provided Return airfare Medical coverage Annual Leave: 36 calendar days + 12 religious/public ​holidays",full_time,nurses,https://www.hziegler.com/jobs/rn-pediatric-intensive-care--king-faisal-riyadh.html,2020-04-27,2,,,,,,true,
Saudi Arabia,SA,+966,Riyadh,"King Faisal Specialist Hospital, Riyadh",hospital,,"The King Faisal Specialist Hospital & Research Centre, Riyadh, with 1,300+ beds, is the most high acuity tertiary-care centre in the entire Arabian Peninsula. Opened in 1975, it is constantly expanding and updating its facilities and services, and has the latest in technology and treatment methods. The hospital specializes in the treatment of, and research in, cardiology, oncology, organ transplant, and genetic diseases.",RN - Adult Emergency Department,"The King Faisal Specialist Hospital and Research Center (KFSH&RC) is a modern, 1,300+ bed Joint Commission International (JCI)-accredited academic medical facility located in Riyadh , the vibrant capital city of Saudi Arabia . Scope of Service: The new EMS Building opened in January 2018. The department accepts all patients for treatment who are triaged for care in accordance with the Canadian Triage Acuity Scale (CTAS). Patient presentations include: respiratory; cardiovascular; gastrointestinal; neurological; oncologic; genitourinary; traumal OB/Gyn; metabolic crises. Beds: Core: 47, Triage: 7, Fast Track: 12 Requirements: Bachelor's degree in Nursing (online/distance education programs cannot be considered) Current nursing (RN) license Must have a minimum of two years current experience as an RN in ER in a tertiary setting Benefits Include: Tax-free income Single-status contract Accommodations provided Return airfare Medical coverage Annual Leave: 36 calendar days + 12 religious/public ​holidays",full_time,nurses,https://www.hziegler.com/jobs/rn-emergency-medicine--king-faisal-riyadh.html,2022-01-27,2,,,,,,true,
Saudi Arabia,SA,+966,Riyadh,Confidential Client (via Helen Ziegler & Associates),hospital,,,RN - Emergency Medicine,"One-of-a-kind opportunity for Emergency Medicine Nurses to work in a private clinic managed by an American hospital. Requirements: Bachelor's degree in Nursing required Current RN license in the USA Minimum three years of current experience in ER or ICU in a mid- to large-sized acute-care setting in the USA Applicants must be US citizens Flight nurse experience strongly preferred The employer can consider only American MALE candidates. For more information, please apply with your resume/CV.",full_time,nurses,https://www.hziegler.com/jobs/rn-emergency-medicine--riyadh.html,2026-05-28,3,,,,,,true,
Saudi Arabia,SA,+966,Medina,"King Faisal Specialist Hospital, Medina",hospital,,"This 300-bed, tertiary hospital opened in 2021.",RN - Emergency Room,"The King Faisal Specialist Hospital - Medina is a new, 280-bed tertiary specialist hospital located in Medina , Saudi Arabia . This hospital opened in 2022, and is the newest campus of the King Faisal Specialist Hospital & Research Centre, whose other sites are in Riyadh and Jeddah . The ER currently has 16 beds. Requirements: Bachelor's degree in Nursing (please note, online BSNs cannot be accepted) Current nursing (RN) license Must have a minimum of two years current experience as an RN in ER in a tertiary-care hospital The hospital can consider only FEMALE candidates at this time. Benefits: Tax-free income Single-status contract Housing/housing allowance provided Return airfare Medical coverage Annual Leave: 36 calendar days + 12 religious/public ​holidays",full_time,nurses,https://www.hziegler.com/jobs/rn-emergency-room--king-faisal-medina.html,2024-11-13,2,,,,,,true,
Saudi Arabia,SA,+966,Riyadh,"King Faisal Specialist Hospital, Riyadh",hospital,,"The King Faisal Specialist Hospital & Research Centre, Riyadh, with 1,300+ beds, is the most high acuity tertiary-care centre in the entire Arabian Peninsula. Opened in 1975, it is constantly expanding and updating its facilities and services, and has the latest in technology and treatment methods. The hospital specializes in the treatment of, and research in, cardiology, oncology, organ transplant, and genetic diseases.",RN - Pediatric Emergency Department,"The King Faisal Specialist Hospital and Research Center (KFSH&RC) is a modern, 1,300+ bed Joint Commission International (JCI)-accredited academic medical facility located in Riyadh , the vibrant capital city of Saudi Arabia . Requirements: Bachelor's degree in Nursing (online/distance education programs cannot be considered) Current nursing (RN) license Must have a minimum of two years current experience as an RN in Pediatric ER in a tertiary hospital setting NOTE: While every effort is made to assign Pediatric ER nurses pediatric patients, depending on need, Pediatric ER nurses may be assigned adult patients. Therefore, Pediatric ER nurses must be willing to work with adult patients. Benefits Include: Tax-free income Single-status contract Accommodations provided Return airfare Medical coverage Annual Leave: 36 calendar days + 12 religious/public ​holidays",full_time,nurses,https://www.hziegler.com/jobs/rn-pediatric-emergency-department--king-faisal-riyadh.html,2022-08-18,2,,,,,,true,
Saudi Arabia,SA,+966,Riyadh,"King Faisal Specialist Hospital, Riyadh",hospital,,"The King Faisal Specialist Hospital & Research Centre, Riyadh, with 1,300+ beds, is the most high acuity tertiary-care centre in the entire Arabian Peninsula. Opened in 1975, it is constantly expanding and updating its facilities and services, and has the latest in technology and treatment methods. The hospital specializes in the treatment of, and research in, cardiology, oncology, organ transplant, and genetic diseases.",RN - Infusion Centre (Outpatient Chemotherapy),"The King Faisal Specialist Hospital and Research Center (KFSH&RC) is a modern, 1,300+ bed Joint Commission International (JCI)-accredited academic medical facility located in Riyadh , the vibrant capital city of Saudi Arabia . The Infusion Center in the King Abdullah Centre for Cancer and Liver Diseases (KACCLD) The Adult Oncology Infusion Center provides holistic treatment and supportive care for Oncology, Hematology, Palliative Care and Hematopoietic Stem Cell Transplant (HSCT) patients. Frequent procedures/services/functions in the clinic include: Antineoplastic agents up to 9 hours duration Administration of intravenous antibiotics, antifungals, antivirals, steroids and chelating agents Administration of supportive medications Blood and blood product transfusions Donor Lymphocyte Infusion (DLI) Bone marrow aspiration Care of unscheduled emergencies via the outpatient clinics Central venous access dressings Immunoglobulin transfusions Lumbar punctures +/- intrathecal chemotherapy Pain management Pentamidine nebulization Requirements: Bachelor's degree in Nursing (online/distance education programs cannot be considered) Current nursing (RN) license Minimum two years of current experience as an RN working in an Oncology Clinic Must have chemo certification Benefits Include: Tax-free income Single-status contract Accommodations provided Return airfare Medical coverage Annual Leave: 36 calendar days + 12 religious/public ​holidays",full_time,nurses,https://www.hziegler.com/jobs/rn-infusion-centre-outpatient-chemotherapy--king-faisal-riyadh.html,2020-04-26,2,,,,,,true,
Saudi Arabia,SA,+966,Riyadh,"King Faisal Specialist Hospital, Riyadh",hospital,,"The King Faisal Specialist Hospital & Research Centre, Riyadh, with 1,300+ beds, is the most high acuity tertiary-care centre in the entire Arabian Peninsula. Opened in 1975, it is constantly expanding and updating its facilities and services, and has the latest in technology and treatment methods. The hospital specializes in the treatment of, and research in, cardiology, oncology, organ transplant, and genetic diseases.",RN - Medicine,"The King Faisal Specialist Hospital and Research Center (KFSH&RC) is a modern, 1,300+ bed Joint Commission International (JCI)-accredited academic medical facility located in Riyadh , the vibrant capital city of Saudi Arabia . Scope of Service: This 33-bed, acute care medical unit includes two high-dependency units (HDU), four radio-active iodine (RAI), and five negative pressure rooms. Patients are admitted under the care of: Endocrine (e.g., Diabetes, Pheocromocytoma, adrenal insufficiency, PRRT) Internal Medicine (e.g., ) Infectious Disease (e.g., HIV, TB) Allergy/Immunology (e.g., Immunosuppressive disorders, Hyper Ige syndrome, Familial Mediterranean fever) Dermatology (e.g., melanoma, pemphigus vulgaris) Internal Medicine (e.g., pneumonia, CVT, pyelonephritis, multiple medical problems with complications) Requirements: Bachelor's degree in Nursing (online/distance education programs cannot be considered) Current nursing (RN) license Must have a minimum of three to five years of experience as an RN; minimum three years current experience must be gained as an RN in acute medicine in a tertiary hospital At this time, the hospital can consider only FEMALE applicants. Benefits: Tax-free income Single-status contract Accommodations provided Return airfare Medical coverage Annual Leave: 36 calendar days + 12 religious/public ​holidays",full_time,nurses,https://www.hziegler.com/jobs/rn-medicine--king-faisal-riyadh.html,2026-04-27,3,,,,,,true,
Saudi Arabia,SA,+966,Riyadh,"King Faisal Specialist Hospital, Riyadh",hospital,,"The King Faisal Specialist Hospital & Research Centre, Riyadh, with 1,300+ beds, is the most high acuity tertiary-care centre in the entire Arabian Peninsula. Opened in 1975, it is constantly expanding and updating its facilities and services, and has the latest in technology and treatment methods. The hospital specializes in the treatment of, and research in, cardiology, oncology, organ transplant, and genetic diseases.",RN - ENT/Dental/Ophthalmology,"The King Faisal Specialist Hospital and Research Center (KFSH&RC) is a modern, 1,300+ bed Joint Commission International (JCI)-accredited academic medical facility located in Riyadh , the vibrant capital city of Saudi Arabia . This 30-bed unit is dedicated to Otolaryngology, Head & Neck and Nephrology, providing nursing care primarily to adult patients, and a selected group of hemodynamically stable pediatric patients, with malignant and/or congenitally related diseases requiring complex diagnostic work-up, major complex surgery or treatment follow-up. The Unit performs endoscopic examinations and minor procedures such as biopsies on occasion. Requirements: Bachelor's degree in Nursing (online/distance education programs cannot be considered) Current nursing (RN) license Must have a minimum of five years of experience as an RN; two years current experience must be gained as an RN in inpatient ENT, Dental, and/or Ophthalmology in a tertiary hospital At this time, the hospital can consider only FEMALE applicants. Benefits Include: Tax-free income Single-status contract Accommodations provided Return airfare Medical coverage Annual Leave: 36 calendar days + 12 religious/public ​holidays",full_time,nurses,https://www.hziegler.com/jobs/rn-ent-dental-ophthalmology--king-faisal-riyadh.html,2020-04-27,5,,,,,,true,
Saudi Arabia,SA,+966,Riyadh,"King Faisal Specialist Hospital, Riyadh",hospital,,"The King Faisal Specialist Hospital & Research Centre, Riyadh, with 1,300+ beds, is the most high acuity tertiary-care centre in the entire Arabian Peninsula. Opened in 1975, it is constantly expanding and updating its facilities and services, and has the latest in technology and treatment methods. The hospital specializes in the treatment of, and research in, cardiology, oncology, organ transplant, and genetic diseases.",RN - General Surgery,"The King Faisal Specialist Hospital and Research Center (KFSH&RC) is a modern, 1,300+ bed Joint Commission International (JCI)-accredited academic medical facility located in Riyadh , the vibrant capital city of Saudi Arabia . This 34-bed Adult General Surgery unit receives: Surgical Oncology Colorectal Surgery Endocrine Surgery Upper GI Surgery Thoracic Surgery Lung Transplant Trauma The majority of patients have malignant disease requiring complex diagnostic work-up, major complex surgery, or treatment follow-up. Requirements: Bachelor's degree in Nursing (online/distance education programs cannot be considered) Current nursing (RN) license Must have a minimum of four years of experience as an RN; two years current experience must be gained as an RN in inpatient general surgery in a tertiary hospital At this time, the hospital can consider only FEMALE applicants. Benefits Include: Tax-free income Single-status contract Accommodations provided Return airfare Medical coverage Annual Leave: 36 calendar days + 12 religious/public ​holidays",full_time,nurses,https://www.hziegler.com/jobs/rn-general-surgery--king-faisal-riyadh.html,2020-04-27,4,,,,,,true,
Saudi Arabia,SA,+966,Riyadh,"King Faisal Specialist Hospital, Riyadh",hospital,,"The King Faisal Specialist Hospital & Research Centre, Riyadh, with 1,300+ beds, is the most high acuity tertiary-care centre in the entire Arabian Peninsula. Opened in 1975, it is constantly expanding and updating its facilities and services, and has the latest in technology and treatment methods. The hospital specializes in the treatment of, and research in, cardiology, oncology, organ transplant, and genetic diseases.",RN - Neurology,"The King Faisal Specialist Hospital and Research Center (KFSH&RC) is a modern, 1,300+ bed Joint Commission International (JCI)-accredited academic medical facility located in Riyadh , the vibrant capital city of Saudi Arabia . Scope of Service: A 33-bed adult unit, that receives: Transient ischemic attacks (TIA) Cerebrovascular accidents (CVA) Motor-neuron diseases Multiple sclerosis Parkinson's disease Myasthenia gravis Guillain-Barre syndrome Dystonias Myelopathies Cerebral tuberculosis granulomas, etc. Seizure disorders Requirements: Bachelor's degree in Nursing (online/distance education programs cannot be considered) Current nursing (RN) license Must have a minimum of five years of experience as an RN; two years current experience must be gained as an RN in neurology in a tertiary hospital At this time, the hospital can consider only FEMALE applicants. Benefits: Tax-free income Single-status contract Accommodations provided Return airfare Medical coverage Annual Leave: 36 calendar days + 12 religious/public ​holidays",full_time,nurses,https://www.hziegler.com/jobs/rn-neurology--king-faisal-riyadh.html,2020-04-27,5,,,,,,true,
Saudi Arabia,SA,+966,Riyadh,"King Faisal Specialist Hospital, Riyadh",hospital,,"The King Faisal Specialist Hospital & Research Centre, Riyadh, with 1,300+ beds, is the most high acuity tertiary-care centre in the entire Arabian Peninsula. Opened in 1975, it is constantly expanding and updating its facilities and services, and has the latest in technology and treatment methods. The hospital specializes in the treatment of, and research in, cardiology, oncology, organ transplant, and genetic diseases.","RN - Orthopedics, Plastic Surgery, & Chronic Pain","The King Faisal Specialist Hospital and Research Center (KFSH&RC) is a modern, 1,300+ bed Joint Commission International (JCI)-accredited academic medical facility located in Riyadh , the vibrant capital city of Saudi Arabia . There are 34 beds on this unit specifically designated to Orthopedics, Plastic Surgery and Chronic Pain Service patients. C-2 provides nursing care primarily to adult and pediatric patients with malignant and/or congenitally related diseases. Types of Patients: Adult/Pediatric Orthopedic , e.g., joint replacements, tumour resections, soft tissue releases, scoliosis (anterior and posterior resections), brachial plexus repair, spinal cord stimulator insertion, adult spine surgery, osteogenesis imperfecta, minimally invasive surgical procedures for adult spine, sports injuries (e.g., knee/shoulder arthroscopy) Plastic Surgery , e.g., abdominoplasty/liposuction, breast augmentation/reduction/mammoplasty, pressure sore management, serial burn reconstruction, hemangioma debulking, septorhinoplasty, tissue expanders, cleft lip/palate repair, congenital defect repair (e.g., syndactyly), flaps/grafts for microvascular procedures, tendon transfer, VAC therapy for complex wounds Requirements: Bachelor's degree in Nursing (online/distance education programs cannot be considered) Current nursing (RN) license Must have a minimum of five years of experience as an RN; two years current experience must be gained as an RN in orthopedic surgery/plastic surgery in a tertiary hospital At this time, the hospital can consider only FEMALE applicants. Benefits Tax-free income Single-status contract Accommodations provided Return airfare Medical coverage Annual Leave: 36 calendar days + 12 religious/public ​holidays",full_time,nurses,https://www.hziegler.com/jobs/rn-orthopedic-and-plastic-surgery--king-faisal-riyadh.html,2020-04-27,5,,,,,,true,
Saudi Arabia,SA,+966,Medina,"King Faisal Specialist Hospital, Medina",hospital,,"This 300-bed, tertiary hospital opened in 2021.",RN - Radiology,"The King Faisal Specialist Hospital - Medina is a new, 280-bed tertiary specialist hospital located in Medina , Saudi Arabia . This hospital opened in 2022, and is the newest campus of the King Faisal Specialist Hospital & Research Centre, whose other sites are in Riyadh and Jeddah . Requirements: Bachelor's degree in Nursing (please note, online BSNs cannot be accepted) Current nursing (RN) license Must have a minimum of two years current experience as an RN in Radiology in a tertiary-care hospital The hospital can consider FEMALE or MALE candidates at this time. Benefits Include: Tax-free income Single-status contract Housing/housing allowance provided Return airfare Medical coverage Annual Leave: 36 calendar days + 12 religious/public ​holidays",full_time,nurses,https://www.hziegler.com/jobs/rn-radiology--king-faisal-medina.html,2025-10-30,2,,,,,,true,
Saudi Arabia,SA,+966,Riyadh,"King Faisal Specialist Hospital, Riyadh",hospital,,"The King Faisal Specialist Hospital & Research Centre, Riyadh, with 1,300+ beds, is the most high acuity tertiary-care centre in the entire Arabian Peninsula. Opened in 1975, it is constantly expanding and updating its facilities and services, and has the latest in technology and treatment methods. The hospital specializes in the treatment of, and research in, cardiology, oncology, organ transplant, and genetic diseases.",RN - Radiology,"The King Faisal Specialist Hospital and Research Center (KFSH&RC) is a modern, 1,300+ bed Joint Commission International (JCI)-accredited academic medical facility located in Riyadh , the vibrant capital city of Saudi Arabia . Summary: Radiology Nursing provides care to all pediatric and adult patients requiring diagnostic or interventional procedures. Radiology nurses provide services to the different Radiology modalities on weekly rotational basis or as needed; areas include: Recovery Room, CT Scan, MRI, PET Scan, Nuclear Medicine, Angiography, Fluoroscopy Interventional Ultrasound, Diagnostic Ultrasound, Breast Imaging and General X-ray. Nursing care and discharge planning is provided to all patients throughout the following stages: * Pre-procedure * Intra-procedure * Post-Procedure Requirements: Bachelor's degree in Nursing (online/distance education programs cannot be considered) Current nursing (RN) license Must have a minimum of two years current experience as an RN in radiology at a large tertiary-care hospital Benefits: Tax-free income Single-status contract Accommodations provided Return airfare Medical coverage Annual Leave: 36 calendar days + 12 religious/public ​holidays",full_time,nurses,https://www.hziegler.com/jobs/rn-radiology--king-faisal-riyadh.html,2021-11-02,2,,,,,,true,
Saudi Arabia,SA,+966,Riyadh,"King Faisal Specialist Hospital, Riyadh",hospital,,"The King Faisal Specialist Hospital & Research Centre, Riyadh, with 1,300+ beds, is the most high acuity tertiary-care centre in the entire Arabian Peninsula. Opened in 1975, it is constantly expanding and updating its facilities and services, and has the latest in technology and treatment methods. The hospital specializes in the treatment of, and research in, cardiology, oncology, organ transplant, and genetic diseases.",RN - Adult Hematology,"The King Faisal Specialist Hospital and Research Center (KFSH&RC) is a modern, 1,300+ bed Joint Commission International (JCI)-accredited academic medical facility located in Riyadh , the vibrant capital city of Saudi Arabia . The 17-bed Hematology Unit moved into the new 300-bed King Abdullah Center for Cancer and Liver Diseases Center, which opened in Fall 2017. It admits patients from age 14 with the following conditions: Acute and Chronic Leukemia Aplastic Anemia Multiple Myeloma Sickle Cell Anemia Burkitt’s lymphoma Thalassemia Myelodysplastic Syndrome ITP, TTP Autologous Bone Marrow Transplantation Bone Marrow Donors Post BMT supportive treatments Requirements: Bachelor's degree in Nursing (online/distance education programs cannot be considered) Current nursing (RN) license Must have a minimum of two years current experience as an RN in hematology in a tertiary setting. Benefits Include: Tax-free income Single-status contract Accommodations provided Return airfare Medical coverage Annual Leave: 36 calendar days + 12 religious/public ​holidays",full_time,nurses,https://www.hziegler.com/jobs/rn-adult-hematology--king-faisal-riyadh.html,2020-04-27,2,,,,,,true,
Saudi Arabia,SA,+966,Riyadh,"King Faisal Specialist Hospital, Riyadh",hospital,,"The King Faisal Specialist Hospital & Research Centre, Riyadh, with 1,300+ beds, is the most high acuity tertiary-care centre in the entire Arabian Peninsula. Opened in 1975, it is constantly expanding and updating its facilities and services, and has the latest in technology and treatment methods. The hospital specializes in the treatment of, and research in, cardiology, oncology, organ transplant, and genetic diseases.",RN - Adult Medical Oncology,"The King Faisal Specialist Hospital and Research Center (KFSH&RC) is a modern, 1,300+ bed Joint Commission International (JCI)-accredited academic medical facility located in Riyadh , the vibrant capital city of Saudi Arabia . The 30-bed Medical Oncology Unit moved into the new 300-bed King Abdullah Center for Cancer and Liver Diseases Center, which opened in Fall 2017. The unit provides care for adult patients with various solid tumor disorders, lymphoma, and Autologous Stem Cell Transplant. Requirements: Bachelor's degree in Nursing (online/distance education programs cannot be considered) Current nursing (RN) license Must have a minimum of two years current experience as an RN on an oncology unit in a tertiary setting Benefits Include: Tax-free income Single-status contract Accommodations provided Return airfare Medical coverage Annual Leave: 36 calendar days + 12 religious/public ​holidays",full_time,nurses,https://www.hziegler.com/jobs/rn-adult-medical-oncology--king-faisal-riyadh.html,2017-08-22,2,,,,,,true,
Saudi Arabia,SA,+966,Medina,"King Faisal Specialist Hospital, Medina",hospital,,"This 300-bed, tertiary hospital opened in 2021.",RN - Adult Oncology (Training available to experienced medical/surgical nurses),"The King Faisal Specialist Hospital - Medina is a new, 280-bed tertiary specialist hospital located in Medina , Saudi Arabia . This hospital opened in 2022, and is the newest campus of the King Faisal Specialist Hospital & Research Centre, whose other sites are in Riyadh and Jeddah . The King Faisal Hospital Medina is the only facility in the region providing specialized oncology care. They treat all types of solid tumours (breast colon, etc) and blood cancers (lymphoma, multiple myeloma, etc.). The hospital is performing bone marrow transplants. The hospital is currently offering oncology training (including chemotherapy) to experienced medical/surgical nurses. Requirements: Bachelor's degree in Nursing (please note, online BSNs cannot be accepted) Current nursing (RN) license Must have a minimum of two years current experience as an RN in Adult Oncology in a tertiary-care hospital Must be willing to train into chemotherapy The hospital can consider only FEMALE candidates at this time. Benefits: Tax-free income Single-status contract Housing/housing allowance provided Return airfare Medical coverage Annual Leave: 36 calendar days + 12 religious/public ​holidays",full_time,nurses,https://www.hziegler.com/jobs/rn-adult-oncology-training-available-to-experienced-medical-surgical-nurses--king-faisal-medina.html,2024-11-25,2,,,,,,true,
Saudi Arabia,SA,+966,Riyadh,"King Faisal Specialist Hospital, Riyadh",hospital,,"The King Faisal Specialist Hospital & Research Centre, Riyadh, with 1,300+ beds, is the most high acuity tertiary-care centre in the entire Arabian Peninsula. Opened in 1975, it is constantly expanding and updating its facilities and services, and has the latest in technology and treatment methods. The hospital specializes in the treatment of, and research in, cardiology, oncology, organ transplant, and genetic diseases.",RN - Bone Marrow Transplant (BMT),"The King Faisal Specialist Hospital and Research Center (KFSH&RC) is a modern, 1,300+ bed Joint Commission International (JCI)-accredited academic medical facility located in Riyadh , the vibrant capital city of Saudi Arabia . The BMT unit moved into the new 300-bed King Abdullah Center for Cancer and Liver Diseases Center, which opened in Fall 2017. Types of patients include: Acute and Chronic Leukemia Aplastic Anemia Multiple Myeloma Sickle Cell Anemia Burkitt’s Lymphoma Thalassemia Myelodysplastic Syndrome ITP; TTP Autologous Bone Marrow Transplantation Bone Marrow Donors Post BMT supportive treatments Requirements: Bachelor's degree in Nursing (online/distance education programs cannot be considered) Current nursing (RN) license Must have a minimum of two years current experience as an RN in BMT Benefits Include: Tax-free income Single-status contract Accommodations provided Return airfare Medical coverage Annual Leave: 36 calendar days + 12 religious/public ​holidays",full_time,nurses,https://www.hziegler.com/jobs/rn-oncology-hematology--king-faisal-riyadh.html,2017-10-03,2,,,,,,true,
Saudi Arabia,SA,+966,Medina,"King Faisal Specialist Hospital, Medina",hospital,,"This 300-bed, tertiary hospital opened in 2021.",RN - Infusion Center (Outpatient Chemotherapy),"The King Faisal Specialist Hospital - Medina is a new, 280-bed tertiary specialist hospital located in Medina , Saudi Arabia . This hospital opened in 2022, and is the newest campus of the King Faisal Specialist Hospital & Research Centre, whose other sites are in Riyadh and Jeddah . Requirements: Bachelor's degree in Nursing (please note, online BSNs cannot be accepted) Current nursing (RN) license Must have a minimum of two years current experience as an RN in Infusion/Chemo in a tertiary-care hospital Benefits Include: Tax-free income Single-status contract Housing/housing allowance provided Return airfare Medical coverage Annual Leave: 36 calendar days + 12 religious/public ​holidays",full_time,nurses,https://www.hziegler.com/jobs/rn-infusion-center-outpatient-chemotherapy--king-faisal-medina.html,2026-03-05,2,,,,,,true,
Saudi Arabia,SA,+966,Riyadh,"King Faisal Specialist Hospital, Riyadh",hospital,,"The King Faisal Specialist Hospital & Research Centre, Riyadh, with 1,300+ beds, is the most high acuity tertiary-care centre in the entire Arabian Peninsula. Opened in 1975, it is constantly expanding and updating its facilities and services, and has the latest in technology and treatment methods. The hospital specializes in the treatment of, and research in, cardiology, oncology, organ transplant, and genetic diseases.",RN - Neurosciences,"The King Faisal Specialist Hospital and Research Center (KFSH&RC) is a modern, 1,300+ bed Joint Commission International (JCI)-accredited academic medical facility located in Riyadh , the vibrant capital city of Saudi Arabia . This Neurology & Neurosurgical unit has a total of 36 beds. In addition, the unit has 5 beds assigned to the Epilepsy Monitoring Unit. Patients include: Brain Tumors Spinal Surgeries Arterial Venous Malformation Aneurysms Epilepsy Spina Bifida Movement Disorders with complex treatments Treatment of congenital neurological disorders Management of acute cerebral vascular accidents (CVA) Management of patients with ALS Management of all patients with acute neurological related disorders Requirements: Bachelor's degree in Nursing (online/distance education programs cannot be considered) Current nursing (RN) license Must have a minimum of five years of experience as an RN; two years current experience must be gained as an RN on a neurosurgical ward in a tertiary hospital At this time, the hospital can consider only FEMALE applicants. Benefits Include: Tax-free income Single-status contract Accommodations provided Return airfare Medical coverage Annual Leave: 36 calendar days + 12 religious/public ​holidays",full_time,nurses,https://www.hziegler.com/jobs/rn-neurosciences--king-faisal-riyadh.html,2020-04-27,5,,,,,,true,
Saudi Arabia,SA,+966,Riyadh,"King Faisal Specialist Hospital, Riyadh",hospital,,"The King Faisal Specialist Hospital & Research Centre, Riyadh, with 1,300+ beds, is the most high acuity tertiary-care centre in the entire Arabian Peninsula. Opened in 1975, it is constantly expanding and updating its facilities and services, and has the latest in technology and treatment methods. The hospital specializes in the treatment of, and research in, cardiology, oncology, organ transplant, and genetic diseases.",RN - Pediatric Medicine,"The King Faisal Specialist Hospital and Research Center (KFSH&RC) is a modern, 1,300+ bed Joint Commission International (JCI)-accredited academic medical facility located in Riyadh , the vibrant capital city of Saudi Arabia . This 34-bed Medical Pediatric Unit sees children aged neonate to 14 years , including: endocrinology gastroenterology genetics infectious diseases metabolic diseases nephrology neurology rheumatology pulmonology allergy/immunology cases hematology/oncology patients may be accommodated, as needed Requirements: Bachelor's degree in Nursing (online/distance education programs cannot be considered) Current nursing (RN) license Must have a minimum of two years current experience as an RN in pediatric medicine in a tertiary setting At this time, the hospital can consider only FEMALE applicants. Benefits Include: Tax-free income Single-status contract Accommodations provided Return airfare Medical coverage Annual Leave: 36 calendar days + 12 religious/public ​holidays",full_time,nurses,https://www.hziegler.com/jobs/rn-pediatric--king-faisal-riyadh.html,2020-04-27,2,,,,,,true,
Saudi Arabia,SA,+966,Riyadh,"King Faisal Specialist Hospital, Riyadh",hospital,,"The King Faisal Specialist Hospital & Research Centre, Riyadh, with 1,300+ beds, is the most high acuity tertiary-care centre in the entire Arabian Peninsula. Opened in 1975, it is constantly expanding and updating its facilities and services, and has the latest in technology and treatment methods. The hospital specializes in the treatment of, and research in, cardiology, oncology, organ transplant, and genetic diseases.",RN - Pediatric Surgery,"The King Faisal Specialist Hospital and Research Center (KFSH&RC) is a modern, 1,300+ bed Joint Commission International (JCI)-accredited academic medical facility located in Riyadh , the vibrant capital city of Saudi Arabia . The 28-bed Pediatric Surgical/Solid Organ Transplant unit receives patients with multiple and complex medical conditions requiring a multi-disciplinary approach in their management. A sitter or parent is encouraged to stay with the patient to promote family-centered care. Surgical specialties include: General Pediatric Surgery Pediatric Plastic Surgery Pediatric Urology Pediatric ENT/Head and Neck Surgery Pediatric Neurosurgery Pediatric Liver Transplant Pediatric Renal Transplant Requirements: Bachelor's degree in Nursing (online/distance education programs cannot be considered) Current nursing (RN) license Must have a minimum of two years current experience as an RN in pediatric surgery in a tertiary setting At this time, the hospital can consider only FEMALE applicants. Benefits Include: Tax-free income Single-status contract Accommodations provided Return airfare Medical coverage Annual Leave: 36 calendar days + 12 religious/public ​holidays",full_time,nurses,https://www.hziegler.com/jobs/rn-pediatric-surgery--king-faisal-riyadh.html,2020-04-27,2,,,,,,true,
Saudi Arabia,SA,+966,Riyadh,"King Faisal Specialist Hospital, Riyadh",hospital,,"The King Faisal Specialist Hospital & Research Centre, Riyadh, with 1,300+ beds, is the most high acuity tertiary-care centre in the entire Arabian Peninsula. Opened in 1975, it is constantly expanding and updating its facilities and services, and has the latest in technology and treatment methods. The hospital specializes in the treatment of, and research in, cardiology, oncology, organ transplant, and genetic diseases.",RN - Children's Cancer Center - Pediatric Hematology/Oncology,"The King Faisal Specialist Hospital and Research Center (KFSH&RC) is a modern, 1,300+ bed Joint Commission International (JCI)-accredited academic medical facility located in Riyadh , the vibrant capital city of Saudi Arabia . TheKing Fahad National Centre for Children's Cancer (commonly referred to as the ""Children's Cancer Centre"" or ""CCC"") is part of the King Faisal Specialist Hospital & Research Centre is: The largest dedicated pediatric cancer and blood disorders program in the Arabian Peninsula. The largest pediatric stem cell transplant center in the region (it performed 210 stem cell transplants on children in 2017 alone). The regional referral centre for complicated non-malignant hematological disorders. CCC consists of three inpatient care wards (each with 26 beds), an outpatient clinic, a drop-in clinic, and a 10-bed pediatric oncology ICU. Approximately 400 new cases accepted annually (of the approximately 600 new pediatric malignant cases reported to Saudi National Cancer Registry annually). The most commonly treated disorders in the pediatric hematology/oncology units include: Osteosarcomas Ewing’s Sarcoma/PNET Neuroblastoma Medulloblastoma / CNS tumors Brain tumors Germ Cell Tumor Wilm’s Tumor Rhabdomyosarcoma Retinoblastoma Acute Lymphoblastic Leukemia Acute Myelogenous Leukemia Aplastic Anemia Sickle Cell Anemia Langerhan’s Cell Histiocytosis Non-Hodgkin’s Lymphoma Hodgkin’s Lymphoma Burkitt’s Lymphoma Hematological disorders Requirements: Bachelor's degree in Nursing (online/distance education programs cannot be considered) Must have a minimum of two years current experience as an RN in pediatric oncology/hematology. At this time, the hospital can consider only FEMALE applicants. Benefits Include: Tax-free income Single-status contract Accommodations provided Return airfare Medical coverage Annual Leave: 36 calendar days + 12 religious/public ​holidays",full_time,nurses,https://www.hziegler.com/jobs/rn-pediatric-hematology-oncology--king-faisal-riyadh.html,2020-04-27,2,,,,,,true,
Saudi Arabia,SA,+966,Medina,"King Faisal Specialist Hospital, Medina",hospital,,"This 300-bed, tertiary hospital opened in 2021.",RN - Pediatric Hematology/Oncology,"The King Faisal Specialist Hospital - Medina is a new, 280-bed tertiary specialist hospital located in Medina , Saudi Arabia . This hospital opened in 2022, and is the newest campus of the King Faisal Specialist Hospital & Research Centre, whose other sites are in Riyadh and Jeddah . The hospital has a 16-bed Pediatric Hematology/Oncology unit (5B). Requirements: Bachelor's degree in Nursing (please note, online BSNs cannot be accepted) Current nursing (RN) license Must have a minimum of two years current experience as an RN in Pediatric Hem/Onc in a tertiary-care hospital The hospital can consider only FEMALE candidates at this time. Benefits Include: Tax-free income Single-status contract Housing/housing allowance provided Return airfare Medical coverage Annual Leave: 36 calendar days + 12 religious/public ​holidays",full_time,nurses,https://www.hziegler.com/jobs/rn-pediatric-hematology-oncology--king-faisal-medina.html,2024-11-13,2,,,,,,true,
Saudi Arabia,SA,+966,Riyadh,"King Faisal Specialist Hospital, Riyadh",hospital,,"The King Faisal Specialist Hospital & Research Centre, Riyadh, with 1,300+ beds, is the most high acuity tertiary-care centre in the entire Arabian Peninsula. Opened in 1975, it is constantly expanding and updating its facilities and services, and has the latest in technology and treatment methods. The hospital specializes in the treatment of, and research in, cardiology, oncology, organ transplant, and genetic diseases.",RN - Liver Unit,"The King Faisal Specialist Hospital and Research Center (KFSH&RC) is a modern, 1,300+ bed Joint Commission International (JCI)-accredited academic medical facility located in Riyadh , the vibrant capital city of Saudi Arabia . Summary: This 30 bed unit is treats liver transplant and hepatobiliary patients. Types of patients include: Cadaveric/orthotropic liver transplantation Living related/non-related transplantation Cancer of the liver Hepatocellular cancer Cryptogenic liver cirrhosis End-stage liver diseases Viral hepatitis B & C Liver resection Infusion of IVIG, Hepatitis B Immunoglobulin Hepatic encephalopathy Requirements: Bachelor's degree in Nursing (online/distance education programs cannot be considered) Current nursing (RN) license Must have a minimum of five years of experience as an RN; two years current experience must be gained as an RN on a liver unit in a tertiary hospital Benefits: Tax-free income Single-status contract Accommodations provided Return airfare Medical coverage Annual Leave: 36 calendar days + 12 religious/public ​holidays",full_time,nurses,https://www.hziegler.com/jobs/rn-liver-unit--king-faisal-riyadh.html,2020-07-21,5,,,,,,true,
Saudi Arabia,SA,+966,Riyadh,"King Faisal Specialist Hospital, Riyadh",hospital,,"The King Faisal Specialist Hospital & Research Centre, Riyadh, with 1,300+ beds, is the most high acuity tertiary-care centre in the entire Arabian Peninsula. Opened in 1975, it is constantly expanding and updating its facilities and services, and has the latest in technology and treatment methods. The hospital specializes in the treatment of, and research in, cardiology, oncology, organ transplant, and genetic diseases.",RN - Organ Transplant Unit,"The King Faisal Specialist Hospital and Research Center (KFSH&RC) is a modern, 1,300+ bed Joint Commission International (JCI)-accredited academic medical facility located in Riyadh , the vibrant capital city of Saudi Arabia . Unit Description: The hospital sees transplant patients on the following wards: Solid Organ Transplant Unit: A 30-bed unit dedicated to renal, lung, and pancreas transplant patients Liver Unit : A 30-bed unit which sees both liver transplantation and hepatobiliary patients. Note: Heart transplant patients are seen (depending on diagnosis) on the CVT unit or on the medical cardiology unit. Requirements: Bachelor's degree in Nursing (online/distance education programs cannot be considered) Current nursing (RN) license Must have a minimum of two years current experience in an organ transplant unit. Benefits: Tax-free income Single-status contract Accommodations provided Return airfare Medical coverage Annual Leave: 36 calendar days + 12 religious/public ​holidays",full_time,nurses,https://www.hziegler.com/jobs/rn-liver-renal-transplant--king-faisal-riyadh.html,2020-11-25,2,,,,,,true,
Saudi Arabia,SA,+966,Riyadh,"King Faisal Specialist Hospital, Riyadh",hospital,,"The King Faisal Specialist Hospital & Research Centre, Riyadh, with 1,300+ beds, is the most high acuity tertiary-care centre in the entire Arabian Peninsula. Opened in 1975, it is constantly expanding and updating its facilities and services, and has the latest in technology and treatment methods. The hospital specializes in the treatment of, and research in, cardiology, oncology, organ transplant, and genetic diseases.",RN - Cardiovascular Telemetry (CVT) Unit,"The King Faisal Specialist Hospital and Research Center (KFSH&RC) is a modern, 1,300+ bed Joint Commission International (JCI)-accredited academic medical facility located in Riyadh , the vibrant capital city of Saudi Arabia . The Cardiovascular Telemetry Unit treats both adult and pediatric cardiovascular surgical patients post-CSICU. It has 20 cardiovascular beds, three vascular beds, and nine pediatric cardiology beds. The most commons procedures include: CABGs, valve repair/replacements, Heart transplantations and congenital cardiac anomaly repairs. Correction of Pediatric cardiac congenital anomalies include definitive surgeries such as arterial switch, VSD repair, ASD repair, AVSD correction, PDA, SAMR, TOF correction, Rastelli procedure, Fontan procedure, DORV correction, RVOT correction, PA augmentations, palliative procedures such as PA banding, BT shunt, Glenn shunt and central shunt. Cardiac catheterization and non surgical repair procedures done in cathlab. Vascular surgeries include fem-pop bypass, Amputation, AAA repair. Requirements: Bachelor's degree in Nursing (online/distance education programs cannot be considered) Current nursing (RN) license Must have a minimum of two years current experience in cardiovascular telemetry (surgical) Due to cultural reasons, at this time, only female applicants can be considered Benefits Include: Tax-free income Single-status contract Accommodations provided Return airfare Medical coverage Annual Leave: 36 calendar days + 12 religious/public ​holidays",full_time,nurses,https://www.hziegler.com/jobs/rn-cardiovascular-telemetry--king-faisal-riyadh.html,2021-09-03,2,,,,,,true,
Saudi Arabia,SA,+966,Riyadh,"King Faisal Specialist Hospital, Riyadh",hospital,,"The King Faisal Specialist Hospital & Research Centre, Riyadh, with 1,300+ beds, is the most high acuity tertiary-care centre in the entire Arabian Peninsula. Opened in 1975, it is constantly expanding and updating its facilities and services, and has the latest in technology and treatment methods. The hospital specializes in the treatment of, and research in, cardiology, oncology, organ transplant, and genetic diseases.",RN - Ante/Post Partum & Newborn Nursery Unit,"The King Faisal Specialist Hospital and Research Center (KFSH&RC) is a modern, 1,300+ bed Joint Commission International (JCI)-accredited academic medical facility located in Riyadh , the vibrant capital city of Saudi Arabia . The 26-bed unit (plus nursery cots) treats ante- and post-partum women and their newborns. Many patients are high-risk; the unit also treats many IVF patients. Requirements: Bachelor's degree in Nursing (online/distance education programs cannot be considered) Current nursing (RN) license Must have a minimum of two years current experience as an RN working in BOTH high-risk antepartum AND postpartum at a large tertiary-care hospital. Due to cultural reasons, the hospital can consider only FEMALE candidates. Benefits Include: Tax-free income Single-status contract Accommodations provided Return airfare Medical coverage Annual Leave: 36 calendar days + 12 religious/public ​holidays",full_time,nurses,https://www.hziegler.com/jobs/rn-ante-post-partum-newborn-nursery--king-faisal-riyadh.html,2020-04-27,2,,,,,,true,
Saudi Arabia,SA,+966,Riyadh,"King Faisal Specialist Hospital, Riyadh",hospital,,"The King Faisal Specialist Hospital & Research Centre, Riyadh, with 1,300+ beds, is the most high acuity tertiary-care centre in the entire Arabian Peninsula. Opened in 1975, it is constantly expanding and updating its facilities and services, and has the latest in technology and treatment methods. The hospital specializes in the treatment of, and research in, cardiology, oncology, organ transplant, and genetic diseases.",RN - Gynecology/Oncology,"The King Faisal Specialist Hospital and Research Center (KFSH&RC) is a modern, 1,300+ bed Joint Commission International (JCI)-accredited academic medical facility located in Riyadh , the vibrant capital city of Saudi Arabia . The 20 bed Women's Surgical Oncology Unit provides nursing care to female patients who are under the services of surgical oncology, radiation medicine, gynecology, and gynecology oncology. Requirements: Bachelor's degree in Nursing (online/distance education programs cannot be considered) Current nursing (RN) license Must have a minimum of five years of experience as an RN; two years current experience must be gained as an RN in inpatient gyn/onc in a tertiary hospital Due to cultural reasons, only female applicants can be considered Benefits Include: Tax-free income Single-status contract Accommodations provided Return airfare Medical coverage Annual Leave: 36 calendar days + 12 religious/public ​holidays",full_time,nurses,https://www.hziegler.com/jobs/rn-gynecology-oncology--king-faisal-riyadh.html,2020-04-27,5,,,,,,true,
Saudi Arabia,SA,+966,Riyadh,"King Faisal Specialist Hospital, Riyadh",hospital,,"The King Faisal Specialist Hospital & Research Centre, Riyadh, with 1,300+ beds, is the most high acuity tertiary-care centre in the entire Arabian Peninsula. Opened in 1975, it is constantly expanding and updating its facilities and services, and has the latest in technology and treatment methods. The hospital specializes in the treatment of, and research in, cardiology, oncology, organ transplant, and genetic diseases.",RN - Labour & Delivery Unit,"The King Faisal Specialist Hospital and Research Center (KFSH&RC) is a modern, 1,300+ bed Joint Commission International (JCI)-accredited academic medical facility located in Riyadh , the vibrant capital city of Saudi Arabia . The L&D Unit has 19 beds, and treats patients who are 20 weeks gestation or more if the following criteria present: Active labor Preterm labor or preterm contractions PROM or PPROM Induction of labor Induction of labor if additional risk factors are present (e.g., oligohydramnios, previous C-section) Patients with suspected PET and/or eclampsia Insertion & removal of cervical cerclage Antepartum & postpartum hemorrhage Patients scheduled for perinatal lab procedures Tertiary care: Cardiac, CA, Renal Transplant, major fetal anomalies, Placenta Previas or suspected morbidly adherent placentae All other indications with agreement of managing consultant The Labour & Delivery Unit averages 115 deliveries per month, of which 65% are high-risk. Position Requirements Bachelor's degree in Nursing (online/distance education programs cannot be considered) Current nursing (RN) license Must have a minimum of two years current experience as an RN in L&D in a tertiary-care hospital Applicants must have current high-risk experience Due to cultural reasons, only female applicants can be considered Benefits Include: Tax-free income Single-status contract Accommodations provided Return airfare Medical coverage Annual Leave: 36 calendar days + 12 religious/public ​holidays",full_time,nurses,https://www.hziegler.com/jobs/rn-labour-and-delivery--king-faisal-riyadh.html,2020-04-27,2,,,,,,true,
Saudi Arabia,SA,+966,Riyadh,"King Faisal Specialist Hospital, Riyadh",hospital,,"The King Faisal Specialist Hospital & Research Centre, Riyadh, with 1,300+ beds, is the most high acuity tertiary-care centre in the entire Arabian Peninsula. Opened in 1975, it is constantly expanding and updating its facilities and services, and has the latest in technology and treatment methods. The hospital specializes in the treatment of, and research in, cardiology, oncology, organ transplant, and genetic diseases.",RN - Cardiac Operating Room (CVOR),"The King Faisal Specialist Hospital and Research Center (KFSH&RC) is a modern, 1,300+ bed Joint Commission International (JCI)-accredited academic medical facility located in Riyadh , the vibrant capital city of Saudi Arabia . The Cardiac OR at the King Faisal Specialist Hospital and Research Centre consists of four Operating Rooms specializing in Cardiovascular and thoracic surgeries for both pediatric and adult patients. The most common surgical procedures include: Coronary Artery Bypass Surgery Valve repair and / or replacement Thoracic Aortic Aneurysm Repair Congenital Cardiac Defects Repair Heart Transplant Robotic Cardiac/Minimally Invasive Surgery LVAD/RVAD/HeartMate3 ECMO Insertion Note: * 60% of procedures are for pediatric complex congenital anomalies * 40% are adult procedures (e.g., CABG, valves, adult cardiac anomalies). Requirements: Bachelor's degree in Nursing (online/distance education programs cannot be considered) Current nursing (RN) license Must have a minimum of two years current experience in scrubbing and circulating cardiac surgeries Benefits Include: Tax-free income Single-status contract Accommodations provided Return airfare Medical coverage Annual Leave: 36 calendar days + 12 religious/public ​holidays",full_time,nurses,https://www.hziegler.com/jobs/rn-cardiac-operating-room--king-faisal-riyadh.html,2026-01-07,2,,,,,,true,
Saudi Arabia,SA,+966,Riyadh,"King Faisal Specialist Hospital, Riyadh",hospital,,"The King Faisal Specialist Hospital & Research Centre, Riyadh, with 1,300+ beds, is the most high acuity tertiary-care centre in the entire Arabian Peninsula. Opened in 1975, it is constantly expanding and updating its facilities and services, and has the latest in technology and treatment methods. The hospital specializes in the treatment of, and research in, cardiology, oncology, organ transplant, and genetic diseases.",RN - Liver Transplant OR,"The King Faisal Specialist Hospital and Research Center (KFSH&RC) is a modern, 1,300+ bed Joint Commission International (JCI)-accredited academic medical facility located in Riyadh , the vibrant capital city of Saudi Arabia . Summary: The eight Operating Rooms at the King Abdullah Centre for Cancer and Liver Diseases (KACCLD) provide care of adult patients of all ages undergoing elective, transplant, and emergency surgery. Procedures include: Liver Transplant(Cadaveric and Living related) Liver Resection Liver Biopsy Liver Harvest (Cadaveric and Living related Multi-organ Harvest Intestinal Allotransplantation from Cadaver Donor (Bowel Transplant) Removal of Transplanted Intestinal Allograft Complete Pancreatic Transplant Cancer surgeries/biopsies Requirements: Bachelor's degree in Nursing (online/distance education programs cannot be considered) Current nursing (RN) license Must have a minimum of two years current experience as an RN scrubbing & circulating for liver transplant cases Benefits: Tax-free income Single-status contract Accommodations provided Return airfare Medical coverage Annual Leave: 36 calendar days + 12 religious/public ​holidays",full_time,nurses,https://www.hziegler.com/jobs/rn-liver-transplant-or--king-faisal-riyadh.html,2019-01-28,2,,,,,,true,
Saudi Arabia,SA,+966,Medina,"King Faisal Specialist Hospital, Medina",hospital,,"This 300-bed, tertiary hospital opened in 2021.",RN - Operating Room,"The King Faisal Specialist Hospital - Medina is a new, 280-bed tertiary specialist hospital located in Medina , Saudi Arabia . This hospital opened in 2022, and is the newest campus of the King Faisal Specialist Hospital & Research Centre, whose other sites are in Riyadh and Jeddah . Requirements: Bachelor's degree in Nursing (online/distance education programs cannot be considered) Current nursing (RN) license Must have a minimum of two years current experience in BOTH scrubbing and circulating for several services in a mid- to large-sized acute-care/tertiary hospital setting The hospital can consider only FEMALE candidates at this time. Benefits: Tax-free income Single-status contract Housing/housing allowance provided Return airfare Medical coverage Annual Leave: 36 calendar days + 12 religious/public ​holidays",full_time,nurses,https://www.hziegler.com/jobs/rn-operating-room--king-faisal-medina.html,2026-03-05,2,,,,,,true,
Saudi Arabia,SA,+966,Riyadh,"King Faisal Specialist Hospital, Riyadh",hospital,,"The King Faisal Specialist Hospital & Research Centre, Riyadh, with 1,300+ beds, is the most high acuity tertiary-care centre in the entire Arabian Peninsula. Opened in 1975, it is constantly expanding and updating its facilities and services, and has the latest in technology and treatment methods. The hospital specializes in the treatment of, and research in, cardiology, oncology, organ transplant, and genetic diseases.",RN - Operating Room,"The King Faisal Specialist Hospital and Research Center (KFSH&RC) is a modern, 1,300+ bed Joint Commission International (JCI)-accredited academic medical facility located in Riyadh , the vibrant capital city of Saudi Arabia . Summary: Operating Room Level II has 22 operating rooms (plus one L&D OR, one DMU OR, one Emergency Medical Services OR, and one OR at the Children's Cancer Centre). OR Level II specialties include: General Surgery B-HIPEC and IORT procedures Orthopedic Surgery Neurosurgery Gynecology L&D Urology ENT/Base of Skull/Oral Surgery Pediatric Surgery Ophthalmic Surgery Plastic Surgery The CVOR (four ORs) and the Organ Transplant OR (eight ORs) are separate. Requirements: Bachelor's degree in Nursing (online/distance education programs cannot be considered) Current nursing (RN) license Must have a minimum of two years current experience both scrubbing & circulating in OR theatres (three or more services) at large tertiary-care hospitals. Benefits Include: Tax-free income Single-status contract Accommodations provided Return airfare Medical coverage Annual Leave: 36 calendar days + 12 religious/public ​holidays",full_time,nurses,https://www.hziegler.com/jobs/rn-operating-room-perioperative--king-faisal-riyadh.html,2026-01-15,2,,,,,,true,
United Arab Emirates,AE,+971,Abu Dhabi,Confidential Client (via Helen Ziegler & Associates),hospital,,,RN - Addictions/Detox,Opportunity for Addictions/Detox nurses with a confidential client in Abu Dhabi Requirements: Bachelor's degree in Nursing (online/distance education programs cannot be considered) Must have a minimum of two years current experience as an RN Experience in addictions/detox Fluency in Arabic required,full_time,nurses,https://www.hziegler.com/jobs/rn-addictions-detox--abu-dhabi.html,2026-06-29,2,,,,,,true,
Saudi Arabia,SA,+966,Riyadh,Confidential Client (via Helen Ziegler & Associates),hospital,,,Physical Therapist,"One-of-a-kind opportunity for a Physical Therapist to work in a private clinic managed by an American hospital. Requirements: Doctorate in Physical Therapy required Doctorate in Physical Therapy program MUST must be accredited by the American Physical Therapy Association Registered Physical Therapist in the USA Active, unrestricted Physical Therapist state license in the USA Minimum three years experience as a registered, licensed PT working with adult patients Basic Life Support (BLS) certification Applicants must be US citizens The client can consider only MALE American applicants. For more information, please apply with your resume/CV.",full_time,non_clinical,https://www.hziegler.com/jobs/physical-therapist--riyadh.html,2025-02-05,3,,,,,,true,
Saudi Arabia,SA,+966,Medina,"King Faisal Specialist Hospital, Medina",hospital,,"This 300-bed, tertiary hospital opened in 2021.",Chairman Pediatrics,"The King Faisal Specialist Hospital - Medina is a new, 280-bed tertiary specialist hospital located in Medina , Saudi Arabia . This hospital opened in 2022, and is the newest campus of the King Faisal Specialist Hospital & Research Centre, whose other sites are in Riyadh and Jeddah . Requirements: Medical Degree Current, active medical license in: the United States, Canada, the UK, Western Europe, Australia or New Zealand National Board Certification in Pediatrics from the United States, Canada, the UK, Western Europe, Australia, or New Zealand A minimum of 10 years of experience as a Consultant after national board certification, which must include a minimum of four years of current administrative experience as Chairman/Deputy Chairman/Head of Service in a tertiary setting in the United States, Canada, the UK, Western Europe, Australia, or New Zealand Academic appointment required Research/publications required Benefits: Tax-free income Married-status contract Housing allowance provided Education allowance for up to four eligible dependents Professional leave and allowance Annual Leave: 36 calendar days + 12 religious/public ​holidays",full_time,doctors,https://www.hziegler.com/jobs/chairman-pediatrics--king-faisal-medina.html,2026-02-12,10,,,,,,true,
Canada,CA,+1,Barrie,"Royal Victoria Regional Health Centre, Barrie, Ontario, Canada",hospital,,"RVH is a Level III trauma centre with an enhanced district stroke designation. It offers a wide range of specialized services, including cancer care, cardiac care, surgical services, critical care, and women and children's programs.",Consultant Anesthesiologist,"The Royal Victoria Regional Health Centre is a Level III trauma centre with an enhanced district stroke designation. It offers a wide range of specialized services, including cancer care, cardiac care, surgical services, critical care, and women and children's programs. Summary: The Department of Anesthesia at the Royal Victoria Regional Health Centre (RVH), in Barrie , is now seeking new members to join its current team of 26 Anesthesiologists. RVH surgical services are both community and regional in scope of practice. Operating Rooms/Clinics: 11 ORs (including hybrid suite) 3 Endoscopy Suites 1 Negative Pressure Room 1 Cystoscopy Suite 2 Obstetrical ORs Pre-Anesthetic Consult Clinic Acute and Chronic Pain Management Clinic Regional Block Room Flexible Schedule Elective Day: * 0800-1500 (Monday – Thursday) * 0830-1500 (Friday) Call: * 2-3 call shifts/month * 1st and 2nd On-Call Rotas complete 24/7 coverage * Choice between 16-hour call or 24-hour call Department: 26 Active/Associate members 5 Anesthesia Assistants University of Toronto affiliated teaching hospital with faculty appointment Remuneration: Fee-for-Service (Please contact us for more information) Doctors in Canada are allowed to incorporate. Requirements: If Canadian: FRCP(C) in Anesthesiology If from USA, UK, Ireland, Australia, New Zealand, South Africa: License and National Specialty Certification from your country",full_time,doctors,https://www.hziegler.com/jobs/consultant-anesthesiologist--rvh-barrie.html,2025-04-15,,,,,,,true,
Canada,CA,+1,Hinton,Hinton Medical Clinic,hospital,,"Join this group practice, where your role will include your office practice, managing in-hospital patients, and ER rotations. And if you have additional specialty training (e.g., anesthesia, OB, geriatrics, etc.), you can concentrate in these fields.",Family Medicine Physicians,"Summary: You will be part of a group practice which sees the entire range of patients, from pediatric to geriatric. In addition to your office practice, you will work rotations in the ER and admit patients to the 24-bed Hinton Healthcare Centre. The hospital is a referral centre for a regional population of about 30,000. It offers all routine diagnostic services, including CT scanning and a mobile MRI. The hospital has a full-time Orthopedic/Joint Replacement Surgeon and a General Surgeon on staff. Visiting Consultants in other specialties, primarily from University of Alberta academic centres, provide services, either onsite or remotely. For physicians who thrive in the outdoors, Hinton offers an unparalleled opportunity to live and play in one of Canada’s most dramatic settings. Hinton, a gateway to the Rockies, offers endless trails for hiking, mountain biking, and cross-country skiing; Hinton itself has 35 km of groomed trails, while the surrounding area has 300km of groomed trails, making it one of the largest cross-country ski areas in Canada. For downhill enthusiasts, Jasper’s Marmot Basin ski resort, with its 91 runs and highest base elevation of any major Canadian ski area, is only 80 minutes away! And there are no wait lines for the lifts! Finally, if you want varied work, and a busy, interesting practice where you can maximize your income in a location with a low cost of living, Hinton is for you. Requirements: If Canadian: CCFP or eligible If from the USA: license and ABFM If from the UK: license and MRCGP If from Ireland: license and MICGP If from Australia: license and FRACGP or FACRRM",full_time,doctors,https://www.hziegler.com/jobs/family-medicine-physicians--hinton-medical-clinic.html,2025-10-30,,,,,,,true,
Canada,CA,+1,Ontario,Confidential Client (via Helen Ziegler & Associates),hospital,,,Family Physician,"Opportunity for Family Physicians and Family Physician Hospitalists with a confidential client in Ontario , Canada . Requirements: If Canadian: CCFP or eligible If from the USA: license and ABFM If from the UK: license and MRCGP If from Ireland: license and MICGP If from Australia: license and FRACGP or FACRRM",full_time,doctors,https://www.hziegler.com/jobs/family-physician--canada.html,2025-09-05,,,,,,,true,
United Arab Emirates,AE,+971,Abu Dhabi,Confidential Client (via Helen Ziegler & Associates),hospital,,,Psychologist,"Opportunity for Psychologists with a confidential client in Abu Dhabi Requirements: Bachelor's degree in Psychology (online/distance education programs cannot be considered) AND: 1) Master's degree in Psychology (online/distance education programs cannot be considered) OR 2) Doctoral degree in Psychology (e.g., PhD, PsyD) (online/distance education programs cannot be considered) Licensed Clinical Psychologist Must have a minimum of two years current experience as a licensed Clinical Psychologist working with adults Experience in addictions preferred Fluency in Arabic required",full_time,non_clinical,https://www.hziegler.com/jobs/psychologist--abu-dhabi.html,2026-06-27,2,,,,,,true,
Saudi Arabia,SA,+966,Riyadh,"King Faisal Specialist Hospital, Riyadh",hospital,,"The King Faisal Specialist Hospital & Research Centre, Riyadh, with 1,300+ beds, is the most high acuity tertiary-care centre in the entire Arabian Peninsula. Opened in 1975, it is constantly expanding and updating its facilities and services, and has the latest in technology and treatment methods. The hospital specializes in the treatment of, and research in, cardiology, oncology, organ transplant, and genetic diseases.",Senior Physical Therapist,"The King Faisal Specialist Hospital and Research Center (KFSH&RC) is a modern, 1,300+ bed Joint Commission International (JCI)-accredited academic medical facility located in Riyadh , the vibrant capital city of Saudi Arabia . Requirements: Bachelor's degree in Physical Therapy (online degrees are not accepted) OR Master's degree in Physical Therapy (online degrees are not accepted) Registered PT with active license in Canada, the USA, the UK, Ireland, Australia, New Zealand, or Western Europe Applicants with a Bachelor's degree in PT must have at least four years of experience in an acute-care setting Applicants with a Master's degree in PT must have at least two years of experience in an acute-care setting Current experience with Neuro patients and MSK patients The hospital can consider only FEMALE candidates at this time. Benefits: Tax-free income Accommodations provided Annual Air Transportation Medical coverage More than 7 calendar weeks of vacation",full_time,non_clinical,https://www.hziegler.com/jobs/senior-physical-therapist--king-faisal-riyadh.html,2026-07-30,,,,,,,true,
