job_id,title,profession
4122144,Senior WhatsApp Automation & Marketing Manager,Others
4122143,Clinic Counsellor and Telecaller,Others
4122137,"Graphic Designer - Multispeciality Hospital, Eluru",Others
4122117,"Receptionist, administration, front desk",Front Desk Executive
4122114,Front office excutive,Front office
4122106,Medical record department,Medical Records
4122105,Biomedical Engineer,Biomedical Staff
4122099,Medical Transcriptionist,medical
4122094,Marketing and sales,Others
4122093,Medical Transcriptionist,Medical transcription
4122079,Lab Technician,Lab & Radiology
4122066,"Creative Designer -  Maarga Mind care, Bangalore",Others
4122055,Marketing Executive,bba
4122048,Patient Experience Coordinator,Patient Experience
4122043,Dental Assistant,Others
4122019,"Distribution Head - Multispeciality Hospital, Hyderabad",Others
4122018,Clinical trainee,trainee
4122014,"Ambulance Driver - ENT Hospital, Hyderabad",Others
4122007,"Front Office Executive - ENT Hospital, Hyderabad",Others
4122002,Voice Process Executive,Others
4121925,Dental Assistant,dental assistant
4121813,"BPO Executive - Wellknown Dental Clinic, Hyderabad",Others
4121765,Receptionist,Others
4121763,Lab Technician,Lab & Radiology
4121755,Receptionist,Others
4121729,"Clinical Data Manager - Reputed Pharmaceuticals, Dharwad",IT & Medical Records
4121728,"Analytical Research Scientist - Reputed Pharmaceuticals, Dharwad",R & D
4121723,"Medical Writer - Reputed Pharmaceuticals, Dharwad",IT & Medical Records
4121722,"Clinical Research Manager - Reputed Pharmaceuticals, Dharwad",Lab & Radiology
4121721,"Regulatory Affairs Manager - Reputed Pharmaceuticals, Dharwad",RA
4121719,"Research Scientist - Reputed Pharmaceuticals, Dharwad",R & D
4121716,Biomedical Engineer,Biomedical Staff
4121706,"Research and Development (R&D) Scientist - Reputed Pharmaceutical, Dharwad",R & D
4121703,"Pharmaceutical Analyst - Reputed Pharmaceuticals, Dharwad",Quality Control
4121684,"Pharmaceutical Data Entry Operator - Reputed Pharmaceuticals, Dharwad",IT & Medical Records
4121680,"Medical Transcriptionist - Reputed Pharmaceuticals, Dharwad",IT & Medical Records
4121660,"Clerk Billing - Multispeiality Hospital, Kerala",Billing & Insurance
4121658,"RCM - Multispeciality Hospital, Kerala",Billing & Insurance
4121618,"Senior Executive - Reputed Medical Institute, Wayanad",Billing & Insurance
4121615,"OT Technician - Kshema Multispeciality Hospital, Bengaluru",ICU / OT Staff
