source,job_id,title,company,hospital_unit,city,state,country,country_code,country_dial_code,salary_raw,salary_min,salary_max,salary_period,salary_currency,job_type,site_category,category,company_type,study_level,needs_review,posted_date,posting_end_date,description,job_url,scraped_at
apollohospitals,45860,Manager - Center Operations,"Apollo Knowledge Ventures Limited, Chennai","Apollo Knowledge Ventures Limited, Chennai",Bangalore,Karnataka,India,IN,+91,Not Disclosed,,,,,full_time,Administration,non_clinical,hospital,Graduate,False,2026-07-24,2026-07-28,,https://cgs.fa.ap2.oraclecloud.com/hcmUI/CandidateExperience/en/sites/CX_2/job/45860,2026-07-24T12:20:09Z
apollohospitals,45447,Recruitment Specialist,"Apollo Knowledge Ventures Limited, Cochin","Apollo Knowledge Ventures Limited, Cochin",Kolkata,West Bengal,India,IN,+91,Not Disclosed,,,,,full_time,Administration,non_clinical,hospital,Graduate,False,2026-07-23,2026-08-06,,https://cgs.fa.ap2.oraclecloud.com/hcmUI/CandidateExperience/en/sites/CX_2/job/45447,2026-07-24T12:20:11Z
apollohospitals,37085,Technologist - Neurology,"Apollo Main Hospitals, Greams Road, Chennai","Apollo Main Hospitals, Greams Road, Chennai",Chennai,Tamil Nadu,India,IN,+91,Not Disclosed,,,,,full_time,Paramedical,non_clinical,hospital,Graduate,False,2026-07-21,2026-07-28,,https://cgs.fa.ap2.oraclecloud.com/hcmUI/CandidateExperience/en/sites/CX_2/job/37085,2026-07-24T12:20:12Z
apollohospitals,42519,Senior Executive - Group Revenue Team,"Apollo Main Hospitals, Greams Road, Chennai","Apollo Main Hospitals, Greams Road, Chennai",Chennai,Tamil Nadu,India,IN,+91,Not Disclosed,,,,,full_time,Administration,non_clinical,hospital,Graduate,False,2026-07-21,2026-07-28,,https://cgs.fa.ap2.oraclecloud.com/hcmUI/CandidateExperience/en/sites/CX_2/job/42519,2026-07-24T12:20:13Z
apollohospitals,45726,Technologist - Neuro Sciences,"Apollo Main Hospitals, Greams Road, Chennai","Apollo Main Hospitals, Greams Road, Chennai",Chennai,Tamil Nadu,India,IN,+91,Not Disclosed,,,,,full_time,Paramedical,non_clinical,hospital,Graduate,False,2026-07-21,2026-07-28,,https://cgs.fa.ap2.oraclecloud.com/hcmUI/CandidateExperience/en/sites/CX_2/job/45726,2026-07-24T12:20:14Z
apollohospitals,35180,Assistant Manager - Marketing,"Apollo Speciality Hospitals, Madurai","Apollo Speciality Hospitals, Madurai",Madurai,Tamil Nadu,India,IN,+91,Not Disclosed,,,,,full_time,Administration,non_clinical,hospital,Graduate,False,2026-07-20,2026-08-05,,https://cgs.fa.ap2.oraclecloud.com/hcmUI/CandidateExperience/en/sites/CX_2/job/35180,2026-07-24T12:20:16Z
apollohospitals,44396,Manager - Group Revenue Team,"Apollo Main Hospitals, Greams Road, Chennai","Apollo Main Hospitals, Greams Road, Chennai",Chennai,Tamil Nadu,India,IN,+91,Not Disclosed,,,,,full_time,Administration,non_clinical,hospital,Graduate,False,2026-07-20,2026-07-27,,https://cgs.fa.ap2.oraclecloud.com/hcmUI/CandidateExperience/en/sites/CX_2/job/44396,2026-07-24T12:20:17Z
apollohospitals,44672,Shift Engineer - Engineering Services,"Apollo Hospitals, Bannerghatta Road, Bangalore","Apollo Hospitals, Bannerghatta Road, Bangalore",Bangalore,Karnataka,India,IN,+91,Not Disclosed,,,,,full_time,Administration,non_clinical,hospital,Graduate,False,2026-07-20,2026-08-31,,https://cgs.fa.ap2.oraclecloud.com/hcmUI/CandidateExperience/en/sites/CX_2/job/44672,2026-07-24T12:20:18Z
apollohospitals,45512,Executive - Group Revenue Team,"Apollo Hospitals, Pune","Apollo Hospitals, Pune",Pune,Maharashtra,India,IN,+91,Not Disclosed,,,,,full_time,Administration,non_clinical,hospital,Graduate,False,2026-07-20,2026-07-25,,https://cgs.fa.ap2.oraclecloud.com/hcmUI/CandidateExperience/en/sites/CX_2/job/45512,2026-07-24T12:20:19Z
apollohospitals,45812,Shift Engineer - Engineering Services,"Apollo Hospitals, Bannerghatta Road, Bangalore","Apollo Hospitals, Bannerghatta Road, Bangalore",Bangalore,Karnataka,India,IN,+91,Not Disclosed,,,,,full_time,Administration,non_clinical,hospital,Graduate,False,2026-07-20,2026-08-31,,https://cgs.fa.ap2.oraclecloud.com/hcmUI/CandidateExperience/en/sites/CX_2/job/45812,2026-07-24T12:20:21Z
apollohospitals,45823,Academic Registrar - Neonatology,"Apollo Women’s Hospitals,Chennai","Apollo Women’s Hospitals,Chennai",Chennai,Tamil Nadu,India,IN,+91,Not Disclosed,,,,,full_time,Clinical,doctors,hospital,Graduate,False,2026-07-18,2026-07-25,"Job Purpose Qualification: Graduate; 1st division in 10th, 12th and GNM Nursing/BSc Nursing/M.Sc Nursing Relevant Experience: 3 months – 5 years of experience in field of Nursing assessing patient’s health problems, providing care to sick, disabled, recovering or injured patients, maintaining important medical records, implementing a nursing care plan and advising patients about maintaining health. Responsibilities Recording medical history and symptoms Administering medication and treatment Collaborating with teams for patient care Performing point of care tests Conducting nursing assessment Monitoring patient’s health Providing support and education to patient and family Maintaining inventory Providing bedside care Operating and care of medical equipment Attending regular in-service education Requirements and skills Interpersonal relationship skills Listening Team building Perceptual Communication Coordination and cooperation Initiative Moral support and physical approach to patient Computer literacy GNM Nursing/BSc Nursing/M.Sc Nursing",https://cgs.fa.ap2.oraclecloud.com/hcmUI/CandidateExperience/en/sites/CX_2/job/45823,2026-07-24T12:20:22Z
apollohospitals,45204,Deputy Clinical Nurse - Specialist,"Apollo Hospitals, Bhubaneswar","Apollo Hospitals, Bhubaneswar",Bhubaneswar,Odisha,India,IN,+91,Not Disclosed,,,,,full_time,Nursing,nurses,hospital,Diploma,False,2026-07-17,2026-08-15,"Job Purpose Qualification: Graduate; 1st division in 10th, 12th and GNM Nursing/BSc Nursing/M.Sc Nursing Relevant Experience: 3 months – 5 years of experience in field of Nursing assessing patient’s health problems, providing care to sick, disabled, recovering or injured patients, maintaining important medical records, implementing a nursing care plan and advising patients about maintaining health. Responsibilities Recording medical history and symptoms Administering medication and treatment Collaborating with teams for patient care Performing point of care tests Conducting nursing assessment Monitoring patient’s health Providing support and education to patient and family Maintaining inventory Providing bedside care Operating and care of medical equipment Attending regular in-service education Requirements and skills Interpersonal relationship skills Listening Team building Perceptual Communication Coordination and cooperation Initiative Moral support and physical approach to patient Computer literacy GNM Nursing/BSc Nursing/M.Sc Nursing",https://cgs.fa.ap2.oraclecloud.com/hcmUI/CandidateExperience/en/sites/CX_2/job/45204,2026-07-24T12:20:23Z
apollohospitals,45437,Registrar - General Medicine,"Apollo Hospitals, Sheshadripuram, Bangalore","Apollo Hospitals, Sheshadripuram, Bangalore",Bangalore,Karnataka,India,IN,+91,Not Disclosed,,,,,full_time,Clinical,doctors,hospital,Master's Degree,False,2026-07-17,2026-07-31,,https://cgs.fa.ap2.oraclecloud.com/hcmUI/CandidateExperience/en/sites/CX_2/job/45437,2026-07-24T12:20:24Z
apollohospitals,45732,Deputy Clinical Nurse,"Apollo Hospitals, Bannerghatta Road, Bangalore","Apollo Hospitals, Bannerghatta Road, Bangalore",Bangalore,Karnataka,India,IN,+91,Not Disclosed,,,,,full_time,Nursing,nurses,hospital,Graduate,False,2026-07-17,2026-08-31,"Job Purpose Qualification: Graduate; 1st division in 10th, 12th and GNM Nursing/BSc Nursing/M.Sc Nursing Relevant Experience: 5 + years of experience in field of Nursing, As a registered nurse is responsible for assessing patient’s health problems, providing care to sick, disabled, recovering or injured patients, maintaining important medical records, implementing a nursing care plan and advising patients about maintaining health. She also oversees functioning of the department and guides junior nurses in her shift. Responsibilities Recording medical history and symptoms Administering medication and treatment Collaborating with teams for patient care Performing point of care tests Conducting nursing assessment Monitoring patient’s health Providing support and education to patient and family Maintaining inventory Providing bedside care Operating and care of medical equipment Attending regular in-service education Requirements and skills Interpersonal relationship skills Listening Team building Perceptual Communication Coordination and cooperation Initiative Moral support and physical approach to patient Computer literacy GNM Nursing/BSc Nursing/M.Sc Nursing",https://cgs.fa.ap2.oraclecloud.com/hcmUI/CandidateExperience/en/sites/CX_2/job/45732,2026-07-24T12:20:26Z
apollohospitals,45716,Staff Nurse - Nursing,"Apollo Hospitals, Bannerghatta Road, Bangalore","Apollo Hospitals, Bannerghatta Road, Bangalore",Bangalore,Karnataka,India,IN,+91,Not Disclosed,,,,,full_time,Nursing,nurses,hospital,Graduate,False,2026-07-17,2026-08-31,"Job Purpose Qualification: Graduate; 1st division in 10th, 12th and GNM Nursing/BSc Nursing/M.Sc Nursing Relevant Experience: 3 months – 5 years of experience in field of Nursing assessing patient’s health problems, providing care to sick, disabled, recovering or injured patients, maintaining important medical records, implementing a nursing care plan and advising patients about maintaining health. Responsibilities Recording medical history and symptoms Administering medication and treatment Collaborating with teams for patient care Performing point of care tests Conducting nursing assessment Monitoring patient’s health Providing support and education to patient and family Maintaining inventory Providing bedside care Operating and care of medical equipment Attending regular in-service education Requirements and skills Interpersonal relationship skills Listening Team building Perceptual Communication Coordination and cooperation Initiative Moral support and physical approach to patient Computer literacy GNM Nursing/BSc Nursing/M.Sc Nursing",https://cgs.fa.ap2.oraclecloud.com/hcmUI/CandidateExperience/en/sites/CX_2/job/45716,2026-07-24T12:20:27Z
apollohospitals,45794,Staff Nurse - Nursing,"Regional Office - Telangana, Hyderabad","Regional Office - Telangana, Hyderabad",Hyderabad,Telangana,India,IN,+91,Not Disclosed,,,,,full_time,Nursing,nurses,hospital,Graduate,False,2026-07-17,2026-08-01,,https://cgs.fa.ap2.oraclecloud.com/hcmUI/CandidateExperience/en/sites/CX_2/job/45794,2026-07-24T12:20:28Z
apollohospitals,45806,Registrar - Obstetrics And Gynaecology,"Apollo Hospitals, Guwahati","Apollo Hospitals, Guwahati",Guwahati,Assam,India,IN,+91,Not Disclosed,,,,,full_time,Clinical,doctors,hospital,Master's Degree,False,2026-07-17,2026-08-31,,https://cgs.fa.ap2.oraclecloud.com/hcmUI/CandidateExperience/en/sites/CX_2/job/45806,2026-07-24T12:20:29Z
apollohospitals,45570,Nursing Officer - Nursing,"Apollo Hospitals, Bannerghatta Road, Bangalore","Apollo Hospitals, Bannerghatta Road, Bangalore",Bangalore,Karnataka,India,IN,+91,Not Disclosed,,,,,full_time,Nursing,nurses,hospital,Graduate,False,2026-07-16,2026-08-31,"Job Purpose Qualification: Graduate; 1st division in 10th, 12th and GNM Nursing/BSc Nursing/M.Sc Nursing Relevant Experience: 3 months – 5 years of experience in field of Nursing assessing patient’s health problems, providing care to sick, disabled, recovering or injured patients, maintaining important medical records, implementing a nursing care plan and advising patients about maintaining health. Responsibilities Recording medical history and symptoms Administering medication and treatment Collaborating with teams for patient care Performing point of care tests Conducting nursing assessment Monitoring patient’s health Providing support and education to patient and family Maintaining inventory Providing bedside care Operating and care of medical equipment Attending regular in-service education Requirements and skills Interpersonal relationship skills Listening Team building Perceptual Communication Coordination and cooperation Initiative Moral support and physical approach to patient Computer literacy GNM Nursing/BSc Nursing/M.Sc Nursing",https://cgs.fa.ap2.oraclecloud.com/hcmUI/CandidateExperience/en/sites/CX_2/job/45570,2026-07-24T12:20:31Z
apollohospitals,45677,Assistant Manager - Patient Care Services,"Regional Office - Telangana, Hyderabad","Regional Office - Telangana, Hyderabad",Hyderabad,Telangana,India,IN,+91,Not Disclosed,,,,,full_time,Administration,non_clinical,hospital,Graduate,False,2026-07-16,2026-08-01,"Job Purpose Qualification: Graduate; 1st division in 10th, 12th and BSc in Nursing /Medico Social Work with additional training in Transplant services Relevant Experience: 2 + years of experience in Documentation – Pre of checklist Responsibilities Provides advanced care for patients before and after solid-organ transplantation along the continuum of outpatient to inpatient 24 hours a day, 7 days a week. Coordinates evaluation process for pre-transplant patients to ensure effective use of hospital and clinical resources. Assesses post-transplant organ function and general health status and collaboratively determines need for additional assessment or intervention. Participates in the development and implementation of protocol and standards of care for the transplant patient in collaboration with the multidisciplinary team. Assists nurses and other staff to assess, plan, implement and evaluate the care of the transplant patient. Monitors the process and outcomes of routine care to determine quality improvement need. Provides on-call coverage, including coordination of activities prior to transplant, and as medical triage for out patients in collaboration with the physician on-call. Coordinates transplantation process when a donor is available (24 hours/7 days a week) including communication between physicians, local organ procurement organization, patient/families and the medical team involved including ER, OR, ICU blood bank and histocompatibility labs. Completes necessary documentation according to guidelines including listing, status changes and post-transplant follow-up information. Communicates with multidisciplinary team members and patients and families in a timely manner in regard to patient care/issues. Collaborates with other team members in coordinating discharge plans for patients pre-transplant or post-transplant including referral to Follow up . Refers patients families for assistance utilizing health system and community resources as appropriate. Maintains patient transplant record with current data to facilitate communication. Teacher/Educator Educates patients along the continuum to assist understanding of processes and procedures surrounding pre- and post-transplant issues. Develops patient education materials or identifies external resources that are appropriate for patient education in all phases of transplantation care. Educates nurses and other multidisciplinary team members about patient care issues to promote positive outcomes for transplant patients. Provides education about transplantation, and organ donations Provides education to nurses and other health care professionals regarding the care of the organ transplant patient. Serves as a community consultation resource for information about transplantation and organ donation. Consults with unit leadership to resolve issues relating to transplant patients. Participates in unit, departmental and hospital-wide committees, task forces or meetings as indicated by role appropriat",https://cgs.fa.ap2.oraclecloud.com/hcmUI/CandidateExperience/en/sites/CX_2/job/45677,2026-07-24T12:20:32Z
apollohospitals,45691,Nurse Assistant - Nursing - 48936,"Regional Office - Telangana, Hyderabad","Regional Office - Telangana, Hyderabad",Hyderabad,Telangana,India,IN,+91,Not Disclosed,,,,,full_time,Nursing,nurses,hospital,Graduate,False,2026-07-16,2026-08-01,,https://cgs.fa.ap2.oraclecloud.com/hcmUI/CandidateExperience/en/sites/CX_2/job/45691,2026-07-24T12:20:33Z
apollohospitals,45693,Staff Nurse - Nursing - 42940,"Regional Office - Telangana, Hyderabad","Regional Office - Telangana, Hyderabad",Hyderabad,Telangana,India,IN,+91,Not Disclosed,,,,,full_time,Nursing,nurses,hospital,Graduate,False,2026-07-16,2026-08-01,"Job Purpose Qualification: Graduate; 1st division in 10th, 12th and GNM Nursing/BSc Nursing/M.Sc Nursing Relevant Experience: 3 months – 5 years of experience in field of Nursing assessing patient’s health problems, providing care to sick, disabled, recovering or injured patients, maintaining important medical records, implementing a nursing care plan and advising patients about maintaining health. Responsibilities Recording medical history and symptoms Administering medication and treatment Collaborating with teams for patient care Performing point of care tests Conducting nursing assessment Monitoring patient’s health Providing support and education to patient and family Maintaining inventory Providing bedside care Operating and care of medical equipment Attending regular in-service education Requirements and skills Interpersonal relationship skills Listening Team building Perceptual Communication Coordination and cooperation Initiative Moral support and physical approach to patient Computer literacy GNM Nursing/BSc Nursing/M.Sc Nursing",https://cgs.fa.ap2.oraclecloud.com/hcmUI/CandidateExperience/en/sites/CX_2/job/45693,2026-07-24T12:20:34Z
apollohospitals,45698,Staff Nurse - Nursing - 48566,"Regional Office - Telangana, Hyderabad","Regional Office - Telangana, Hyderabad",Hyderabad,Telangana,India,IN,+91,Not Disclosed,,,,,full_time,Nursing,nurses,hospital,Graduate,False,2026-07-16,2026-08-01,,https://cgs.fa.ap2.oraclecloud.com/hcmUI/CandidateExperience/en/sites/CX_2/job/45698,2026-07-24T12:20:36Z
apollohospitals,45700,Nurse Assistant - Nursing - 49058,"Regional Office - Telangana, Hyderabad","Regional Office - Telangana, Hyderabad",Hyderabad,Telangana,India,IN,+91,Not Disclosed,,,,,full_time,Nursing,nurses,hospital,Graduate,False,2026-07-16,2026-08-01,,https://cgs.fa.ap2.oraclecloud.com/hcmUI/CandidateExperience/en/sites/CX_2/job/45700,2026-07-24T12:20:37Z
apollohospitals,45701,Nurse Assistant - Nursing - 43153,"Regional Office - Telangana, Hyderabad","Regional Office - Telangana, Hyderabad",Hyderabad,Telangana,India,IN,+91,Not Disclosed,,,,,full_time,Nursing,nurses,hospital,Graduate,False,2026-07-16,2026-08-01,"Job Purpose Qualification: Graduate; 1st division in 10th, 12th and GNM Nursing/BSc Nursing/M.Sc Nursing Relevant Experience: 3 months – 5 years of experience in field of Nursing assessing patient’s health problems, providing care to sick, disabled, recovering or injured patients, maintaining important medical records, implementing a nursing care plan and advising patients about maintaining health. Responsibilities Recording medical history and symptoms Administering medication and treatment Collaborating with teams for patient care Performing point of care tests Conducting nursing assessment Monitoring patient’s health Providing support and education to patient and family Maintaining inventory Providing bedside care Operating and care of medical equipment Attending regular in-service education Requirements and skills Interpersonal relationship skills Listening Team building Perceptual Communication Coordination and cooperation Initiative Moral support and physical approach to patient Computer literacy GNM Nursing/BSc Nursing/M.Sc Nursing",https://cgs.fa.ap2.oraclecloud.com/hcmUI/CandidateExperience/en/sites/CX_2/job/45701,2026-07-24T12:20:38Z
apollohospitals,45702,Nurse Assistant - Nursing - 49017,"Regional Office - Telangana, Hyderabad","Regional Office - Telangana, Hyderabad",Hyderabad,Telangana,India,IN,+91,Not Disclosed,,,,,full_time,Nursing,nurses,hospital,Graduate,False,2026-07-16,2026-08-01,,https://cgs.fa.ap2.oraclecloud.com/hcmUI/CandidateExperience/en/sites/CX_2/job/45702,2026-07-24T12:20:40Z
apollohospitals,45703,Nurse Assistant - Nursing - 47004,"Regional Office - Telangana, Hyderabad","Regional Office - Telangana, Hyderabad",Hyderabad,Telangana,India,IN,+91,Not Disclosed,,,,,full_time,Nursing,nurses,hospital,Graduate,False,2026-07-16,2026-08-01,,https://cgs.fa.ap2.oraclecloud.com/hcmUI/CandidateExperience/en/sites/CX_2/job/45703,2026-07-24T12:20:41Z
apollohospitals,45705,Nurse Assistant - Nursing - 34120,"Regional Office - Telangana, Hyderabad","Regional Office - Telangana, Hyderabad",Hyderabad,Telangana,India,IN,+91,Not Disclosed,,,,,full_time,Nursing,nurses,hospital,Graduate,False,2026-07-16,2026-08-01,"Job Purpose Qualification: Graduate; 1st division in 10th, 12th and GNM Nursing/BSc Nursing/M.Sc Nursing Relevant Experience: 3 months – 5 years of experience in field of Nursing assessing patient’s health problems, providing care to sick, disabled, recovering or injured patients, maintaining important medical records, implementing a nursing care plan and advising patients about maintaining health. Responsibilities Recording medical history and symptoms Administering medication and treatment Collaborating with teams for patient care Performing point of care tests Conducting nursing assessment Monitoring patient’s health Providing support and education to patient and family Maintaining inventory Providing bedside care Operating and care of medical equipment Attending regular in-service education Requirements and skills Interpersonal relationship skills Listening Team building Perceptual Communication Coordination and cooperation Initiative Moral support and physical approach to patient Computer literacy GNM Nursing/BSc Nursing/M.Sc Nursing",https://cgs.fa.ap2.oraclecloud.com/hcmUI/CandidateExperience/en/sites/CX_2/job/45705,2026-07-24T12:20:42Z
apollohospitals,45706,Nurse Assistant - Nursing - 34375,"Regional Office - Telangana, Hyderabad","Regional Office - Telangana, Hyderabad",Hyderabad,Telangana,India,IN,+91,Not Disclosed,,,,,full_time,Nursing,nurses,hospital,Graduate,False,2026-07-16,2026-08-01,"Job Purpose Qualification: Graduate; 1st division in 10th, 12th and GNM Nursing/BSc Nursing/M.Sc Nursing Relevant Experience: 3 months – 5 years of experience in field of Nursing assessing patient’s health problems, providing care to sick, disabled, recovering or injured patients, maintaining important medical records, implementing a nursing care plan and advising patients about maintaining health. Responsibilities Recording medical history and symptoms Administering medication and treatment Collaborating with teams for patient care Performing point of care tests Conducting nursing assessment Monitoring patient’s health Providing support and education to patient and family Maintaining inventory Providing bedside care Operating and care of medical equipment Attending regular in-service education Requirements and skills Interpersonal relationship skills Listening Team building Perceptual Communication Coordination and cooperation Initiative Moral support and physical approach to patient Computer literacy GNM Nursing/BSc Nursing/M.Sc Nursing",https://cgs.fa.ap2.oraclecloud.com/hcmUI/CandidateExperience/en/sites/CX_2/job/45706,2026-07-24T12:20:43Z
apollohospitals,45616,Staff Nurse - Nursing - 35081,"Regional Office - Telangana, Hyderabad","Regional Office - Telangana, Hyderabad",Hyderabad,Telangana,India,IN,+91,Not Disclosed,,,,,full_time,Nursing,nurses,hospital,Graduate,False,2026-07-15,2026-08-01,"Job Purpose Qualification: Graduate; 1st division in 10th, 12th and GNM Nursing/BSc Nursing/M.Sc Nursing Relevant Experience: 3 months – 5 years of experience in field of Nursing assessing patient’s health problems, providing care to sick, disabled, recovering or injured patients, maintaining important medical records, implementing a nursing care plan and advising patients about maintaining health. Responsibilities Recording medical history and symptoms Administering medication and treatment Collaborating with teams for patient care Performing point of care tests Conducting nursing assessment Monitoring patient’s health Providing support and education to patient and family Maintaining inventory Providing bedside care Operating and care of medical equipment Attending regular in-service education Requirements and skills Interpersonal relationship skills Listening Team building Perceptual Communication Coordination and cooperation Initiative Moral support and physical approach to patient Computer literacy GNM Nursing/BSc Nursing/M.Sc Nursing",https://cgs.fa.ap2.oraclecloud.com/hcmUI/CandidateExperience/en/sites/CX_2/job/45616,2026-07-24T12:20:45Z
apollohospitals,26277,Staff Nurse - Nursing,"Apollo Speciality Hospitals, OMR, Chennai","Apollo Speciality Hospitals, OMR, Chennai",Chennai,Tamil Nadu,India,IN,+91,Not Disclosed,,,,,full_time,Nursing,nurses,hospital,Graduate,False,2026-07-13,2026-08-01,,https://cgs.fa.ap2.oraclecloud.com/hcmUI/CandidateExperience/en/sites/CX_2/job/26277,2026-07-24T12:20:46Z
apollohospitals,32377,Registrar - Critical Care Medicine,"Apollo Speciality Hospitals, OMR, Chennai","Apollo Speciality Hospitals, OMR, Chennai",Chennai,Tamil Nadu,India,IN,+91,Not Disclosed,,,,,full_time,Clinical,doctors,hospital,Graduate,False,2026-07-13,2026-09-05,"Job Purpose Qualification: Graduate; 1st division in 10th, 12th and GNM Nursing/BSc Nursing/M.Sc Nursing Relevant Experience: 3 months – 5 years of experience in field of Nursing assessing patient’s health problems, providing care to sick, disabled, recovering or injured patients, maintaining important medical records, implementing a nursing care plan and advising patients about maintaining health. Responsibilities Recording medical history and symptoms Administering medication and treatment Collaborating with teams for patient care Performing point of care tests Conducting nursing assessment Monitoring patient’s health Providing support and education to patient and family Maintaining inventory Providing bedside care Operating and care of medical equipment Attending regular in-service education Requirements and skills Interpersonal relationship skills Listening Team building Perceptual Communication Coordination and cooperation Initiative Moral support and physical approach to patient Computer literacy GNM Nursing/BSc Nursing/M.Sc Nursing",https://cgs.fa.ap2.oraclecloud.com/hcmUI/CandidateExperience/en/sites/CX_2/job/32377,2026-07-24T12:20:47Z
apollohospitals,44744,Technician - Laboratory Medicine,"Apollo Cancer Centre, Chennai","Apollo Cancer Centre, Chennai",Chennai,Tamil Nadu,India,IN,+91,Not Disclosed,,,,,full_time,Paramedical,non_clinical,hospital,Graduate,False,2026-07-13,2026-07-31,,https://cgs.fa.ap2.oraclecloud.com/hcmUI/CandidateExperience/en/sites/CX_2/job/44744,2026-07-24T12:20:48Z
apollohospitals,45433,Medical Officer - General Medicine,Apollo Hospitals - Rourkela,Apollo Hospitals - Rourkela,Rourkela,Odisha,India,IN,+91,Not Disclosed,,,,,full_time,Clinical,doctors,hospital,Graduate,False,2026-07-13,2026-08-31,,https://cgs.fa.ap2.oraclecloud.com/hcmUI/CandidateExperience/en/sites/CX_2/job/45433,2026-07-24T12:20:50Z
apollohospitals,45445,Staff Nurse - Nursing,Apollo Hospitals - Rourkela,Apollo Hospitals - Rourkela,Rourkela,Odisha,India,IN,+91,Not Disclosed,,,,,full_time,Nursing,nurses,hospital,Graduate,False,2026-07-13,2026-08-31,,https://cgs.fa.ap2.oraclecloud.com/hcmUI/CandidateExperience/en/sites/CX_2/job/45445,2026-07-24T12:20:51Z
apollohospitals,45517,Nursing Officer - Nursing,"Apollomedics Super Specialty Hospitals, Lucknow","Apollomedics Super Specialty Hospitals, Lucknow",Lucknow,Uttar Pradesh,India,IN,+91,Not Disclosed,,,,,full_time,Nursing,nurses,hospital,Graduate,False,2026-07-13,2026-09-30,"Job Purpose Qualification: Graduate; 1st division in 10th, 12th and GNM Nursing/BSc Nursing/M.Sc Nursing Relevant Experience: 3 months – 5 years of experience in field of Nursing assessing patient’s health problems, providing care to sick, disabled, recovering or injured patients, maintaining important medical records, implementing a nursing care plan and advising patients about maintaining health. Responsibilities Recording medical history and symptoms Administering medication and treatment Collaborating with teams for patient care Performing point of care tests Conducting nursing assessment Monitoring patient’s health Providing support and education to patient and family Maintaining inventory Providing bedside care Operating and care of medical equipment Attending regular in-service education Requirements and skills Interpersonal relationship skills Listening Team building Perceptual Communication Coordination and cooperation Initiative Moral support and physical approach to patient Computer literacy GNM Nursing/BSc Nursing/M.Sc Nursing",https://cgs.fa.ap2.oraclecloud.com/hcmUI/CandidateExperience/en/sites/CX_2/job/45517,2026-07-24T12:20:52Z
apollohospitals,45537,Resident - Critical Care Medicine,"Apollo Hospitals, Bannerghatta Road, Bangalore","Apollo Hospitals, Bannerghatta Road, Bangalore",Bangalore,Karnataka,India,IN,+91,Not Disclosed,,,,,full_time,Clinical,doctors,hospital,Graduate,False,2026-07-13,2026-08-31,"Job Purpose Qualification: Graduate; 1st division in 10th, 12th and GNM Nursing/BSc Nursing/M.Sc Nursing Relevant Experience: 3 months – 5 years of experience in field of Nursing assessing patient’s health problems, providing care to sick, disabled, recovering or injured patients, maintaining important medical records, implementing a nursing care plan and advising patients about maintaining health. Responsibilities Recording medical history and symptoms Administering medication and treatment Collaborating with teams for patient care Performing point of care tests Conducting nursing assessment Monitoring patient’s health Providing support and education to patient and family Maintaining inventory Providing bedside care Operating and care of medical equipment Attending regular in-service education Requirements and skills Interpersonal relationship skills Listening Team building Perceptual Communication Coordination and cooperation Initiative Moral support and physical approach to patient Computer literacy GNM Nursing/BSc Nursing/M.Sc Nursing",https://cgs.fa.ap2.oraclecloud.com/hcmUI/CandidateExperience/en/sites/CX_2/job/45537,2026-07-24T12:20:54Z
apollohospitals,40445,Clinical Nurse- Nursing,"Apollo Hospitals, Guwahati","Apollo Hospitals, Guwahati",Guwahati,Assam,India,IN,+91,Not Disclosed,,,,,full_time,Nursing,nurses,hospital,Graduate,False,2026-07-10,2026-08-31,"Job Purpose Qualification: Graduate; 1st division in 10th, 12th and GNM Nursing/BSc Nursing/M.Sc Nursing Relevant Experience: 3 months – 5 years of experience in field of Nursing assessing patient’s health problems, providing care to sick, disabled, recovering or injured patients, maintaining important medical records, implementing a nursing care plan and advising patients about maintaining health. Responsibilities Recording medical history and symptoms Administering medication and treatment Collaborating with teams for patient care Performing point of care tests Conducting nursing assessment Monitoring patient’s health Providing support and education to patient and family Maintaining inventory Providing bedside care Operating and care of medical equipment Attending regular in-service education Requirements and skills Interpersonal relationship skills Listening Team building Perceptual Communication Coordination and cooperation Initiative Moral support and physical approach to patient Computer literacy GNM Nursing/BSc Nursing/M.Sc Nursing",https://cgs.fa.ap2.oraclecloud.com/hcmUI/CandidateExperience/en/sites/CX_2/job/40445,2026-07-24T12:20:55Z
apollohospitals,45312,Executive - Marketing,"Apollo Speciality Hospitals, Nellore","Apollo Speciality Hospitals, Nellore",Nellore,Andhra Pradesh,India,IN,+91,Not Disclosed,,,,,full_time,Administration,non_clinical,hospital,Graduate,False,2026-07-10,2026-10-31,,https://cgs.fa.ap2.oraclecloud.com/hcmUI/CandidateExperience/en/sites/CX_2/job/45312,2026-07-24T12:20:56Z
apollohospitals,45319,Staff Nurse - Nursing,"Apollo Speciality Hospitals, Nellore","Apollo Speciality Hospitals, Nellore",Nellore,Andhra Pradesh,India,IN,+91,Not Disclosed,,,,,full_time,Nursing,nurses,hospital,Graduate,False,2026-07-10,2026-10-31,"Job Purpose Qualification: Graduate; 1st division in 10th, 12th and GNM Nursing/BSc Nursing/M.Sc Nursing Relevant Experience: 3 months – 5 years of experience in field of Nursing assessing patient’s health problems, providing care to sick, disabled, recovering or injured patients, maintaining important medical records, implementing a nursing care plan and advising patients about maintaining health. Responsibilities Recording medical history and symptoms Administering medication and treatment Collaborating with teams for patient care Performing point of care tests Conducting nursing assessment Monitoring patient’s health Providing support and education to patient and family Maintaining inventory Providing bedside care Operating and care of medical equipment Attending regular in-service education Requirements and skills Interpersonal relationship skills Listening Team building Perceptual Communication Coordination and cooperation Initiative Moral support and physical approach to patient Computer literacy GNM Nursing/BSc Nursing/M.Sc Nursing",https://cgs.fa.ap2.oraclecloud.com/hcmUI/CandidateExperience/en/sites/CX_2/job/45319,2026-07-24T12:20:57Z
apollohospitals,29393,Resident - Medical Services,"Apollo Hospitals, Kakinada","Apollo Hospitals, Kakinada",Kakinada,Andhra Pradesh,India,IN,+91,Not Disclosed,,,,,full_time,Clinical,doctors,hospital,Graduate,False,2026-07-09,2026-12-31,,https://cgs.fa.ap2.oraclecloud.com/hcmUI/CandidateExperience/en/sites/CX_2/job/29393,2026-07-24T12:20:59Z
apollohospitals,45167,Trainee - Laboratory Medicine - 49533,"Apollo Hospitals, Jubilee Hills, Hyderabad","Apollo Hospitals, Jubilee Hills, Hyderabad",Hyderabad,Telangana,India,IN,+91,Not Disclosed,,,,,full_time,Paramedical,non_clinical,hospital,Graduate,False,2026-07-09,2026-07-31,,https://cgs.fa.ap2.oraclecloud.com/hcmUI/CandidateExperience/en/sites/CX_2/job/45167,2026-07-24T12:21:00Z
apollohospitals,44747,Academic Registrar - Paediatrics,"Apollo Cancer Centre, Chennai","Apollo Cancer Centre, Chennai",Chennai,Tamil Nadu,India,IN,+91,Not Disclosed,,,,,full_time,Clinical,doctors,hospital,Graduate,False,2026-07-08,2026-07-31,,https://cgs.fa.ap2.oraclecloud.com/hcmUI/CandidateExperience/en/sites/CX_2/job/44747,2026-07-24T12:21:01Z
apollohospitals,45392,Technician - Emergency Medicine - 56177,"Apollo Hospitals, Jubilee Hills, Hyderabad","Apollo Hospitals, Jubilee Hills, Hyderabad",Hyderabad,Telangana,India,IN,+91,Not Disclosed,,,,,full_time,Paramedical,non_clinical,hospital,Graduate,False,2026-07-08,2026-07-31,,https://cgs.fa.ap2.oraclecloud.com/hcmUI/CandidateExperience/en/sites/CX_2/job/45392,2026-07-24T12:21:02Z
apollohospitals,45395,Dietician - Dietetics - 27616,"Regional Office - Telangana, Hyderabad","Regional Office - Telangana, Hyderabad",Hyderabad,Telangana,India,IN,+91,Not Disclosed,,,,,full_time,Paramedical,non_clinical,hospital,Graduate,False,2026-07-08,2026-07-31,"Job Purpose Qualification: Graduate; 1st division in 10th, 12th and Graduate MHA / MBA Relevant Experience: 5 – 7 + years of experience in Operations Responsibilities Implementing standards and protocols for proper functioning of respective departments. Ensure maximum patient satisfaction across all functional areas. To conduct daily rounds To ensure all respective departments are adequately manned. To identify gaps in the system and find remedial measures to fill gaps in the shortest possible time. Develop a strong feedback system wherein valuable feedback is captured both from internal and external customers. Complaint / Grievance Handling. Ensure cohorting of rooms are strictly adhered to. Ensure grooming standards for all staff. Coordinate with departments to ensure smooth functioning of all processes Requirements and skills Familiarity with professional and technical emerging knowledge Problem solving skills and ability to multi-task. Compassionate with good communication skills. Excellent teamwork skills Graduate, MHA / MHA",https://cgs.fa.ap2.oraclecloud.com/hcmUI/CandidateExperience/en/sites/CX_2/job/45395,2026-07-24T12:21:04Z
apollohospitals,44783,Executive - Operations,"Apollo Speciality Hospitals, Madurai","Apollo Speciality Hospitals, Madurai",Madurai,Tamil Nadu,India,IN,+91,Not Disclosed,,,,,full_time,Administration,non_clinical,hospital,Graduate,False,2026-07-07,2026-07-31,,https://cgs.fa.ap2.oraclecloud.com/hcmUI/CandidateExperience/en/sites/CX_2/job/44783,2026-07-24T12:21:05Z
apollohospitals,45140,Staff Nurse - 40379,"Regional Office - Telangana, Hyderabad","Regional Office - Telangana, Hyderabad",Hyderabad,Telangana,India,IN,+91,Not Disclosed,,,,,full_time,Nursing,nurses,hospital,Graduate,False,2026-07-07,2026-08-01,"Job Purpose Qualification: Graduate; 1st division in 10th, 12th and GNM Nursing/BSc Nursing/M.Sc Nursing Relevant Experience: 3 months – 5 years of experience in field of Nursing assessing patient’s health problems, providing care to sick, disabled, recovering or injured patients, maintaining important medical records, implementing a nursing care plan and advising patients about maintaining health. Responsibilities Recording medical history and symptoms Administering medication and treatment Collaborating with teams for patient care Performing point of care tests Conducting nursing assessment Monitoring patient’s health Providing support and education to patient and family Maintaining inventory Providing bedside care Operating and care of medical equipment Attending regular in-service education Requirements and skills Interpersonal relationship skills Listening Team building Perceptual Communication Coordination and cooperation Initiative Moral support and physical approach to patient Computer literacy GNM Nursing/BSc Nursing/M.Sc Nursing",https://cgs.fa.ap2.oraclecloud.com/hcmUI/CandidateExperience/en/sites/CX_2/job/45140,2026-07-24T12:21:06Z
apollohospitals,45332,Staff Nurse - 59660,"Apollo Hospitals, Financial District, Hyderabad","Apollo Hospitals, Financial District, Hyderabad",Hyderabad,Telangana,India,IN,+91,Not Disclosed,,,,,full_time,Nursing,nurses,hospital,Graduate,False,2026-07-07,2026-08-10,,https://cgs.fa.ap2.oraclecloud.com/hcmUI/CandidateExperience/en/sites/CX_2/job/45332,2026-07-24T12:21:07Z
apollohospitals,42775,Senior Executive - Call Center,"Apollo Telehealth, Madhapur, Telangana","Apollo Telehealth, Madhapur, Telangana",Hyderabad,Telangana,India,IN,+91,Not Disclosed,,,,,full_time,Administration,non_clinical,hospital,Graduate,False,2026-07-06,2026-07-31,"MIS Executive – Job Description (1 to 2 Years Experience) Job Summary: We are looking for a detail-oriented MIS Executive with 1 to 2 years of experience to manage reports, data analysis, dashboards, and business information systems. The candidate should possess strong Excel skills and be able to generate accurate MIS reports to support management decision-making. Key Responsibilities • Prepare daily, weekly, and monthly MIS reports. • Maintain and update databases, spreadsheets, and dashboards. • Analyze data and provide insights to management. • Ensure data accuracy and timely report submission. • Coordinate with internal teams for data collection and validation. • Create automated reports using Excel formulas, Pivot Tables, and VLOOKUP/XLOOKUP. • Track business performance metrics and prepare presentations when required. • Handle ad hoc reporting requests from management. Required Skills • Strong knowledge of MS Excel (Pivot Tables, VLOOKUP, Charts, Formulas). • Basic knowledge of Power BI or Google Sheets is preferred. • Good analytical and problem-solving skills. • Strong communication and coordination abilities. • Attention to detail and accuracy in reporting. Eligibility Criteria • Bachelor’s degree in Commerce, Business Administration, or related field. • 1 to 2 years of experience in MIS reporting or data analysis. • Experience in preparing dashboards and business reports preferred. Job Details Job Role MIS Executive Experience 1 to 2 Years Qualification Any Graduate / B.Com / BBA Location As per Company Requirement Employment Type Full Time",https://cgs.fa.ap2.oraclecloud.com/hcmUI/CandidateExperience/en/sites/CX_2/job/42775,2026-07-24T12:21:09Z
apollohospitals,44749,Secretary - Patient Care Services,"Apollo Speciality Hospitals, OMR, Chennai","Apollo Speciality Hospitals, OMR, Chennai",Chennai,Tamil Nadu,India,IN,+91,Not Disclosed,,,,,full_time,Administration,non_clinical,hospital,Graduate,False,2026-07-06,2026-08-01,,https://cgs.fa.ap2.oraclecloud.com/hcmUI/CandidateExperience/en/sites/CX_2/job/44749,2026-07-24T12:21:10Z
apollohospitals,44926,Executive - Call Center,"Apollo Telehealth, Madhapur, Telangana","Apollo Telehealth, Madhapur, Telangana",Hyderabad,Telangana,India,IN,+91,Not Disclosed,,,,,full_time,Administration,non_clinical,hospital,Senior Secondary(11th & 12th),False,2026-07-06,2026-08-31,"To ensure addressing the health concerns of the beneficiaries/customers by providing necessary explanations and giving necessary suggestions through a telemedicine platform and abiding by the guidelines stated, specific to the project catering to. Duties and responsibilities Connect/communicate with customers on a daily/weekly/monthly basis via call/message to create specific and achievable goals that help them achieve their long-term goals related to Maternal health, wellness, and lifestyle. To connect/communicate with customers on a daily/weekly/monthly basis via call/message to monitor and explain the customers on the do’s & don’ts, Warning signs of/about pre & post-natal journey. Document customer interactions, including phone calls and messaging and tracking pre & post-natal health metrics. Create a feedback loop between customers, coaches, and Customer Support, Operations, and Product teams to help improve the customer and coach experiences. Work on creating content for relevant blog posts and content emails for our customers. Work on updating daily numbers in the excel sheet and publishing the EOD/weekly and monthly reports. Authorities Make appropriate, timely and safe decisions on the management plan of the beneficiaries/customers. Qualifications Education: M Sc Nutrition / Dietetics Skills & Abilities: Passion for health and wellness industry Stays up to date with current research and trends. Organized, detail-oriented team player with an ability to multitask in a fast-paced environment. Strong communication skills - writing, typing and phone. Must be open to feedback and have a desire to continuously learn and grow. Good computer proficiency - Proficiency in MS Office (Word, Excel and Power point) Flexible to work in any shift. Effective decision-making skills Should be proficient in Hindi and English mandatory. Experience: Minimum 1 years of experience in Maternity Health/Wellness/Diet Counseling",https://cgs.fa.ap2.oraclecloud.com/hcmUI/CandidateExperience/en/sites/CX_2/job/44926,2026-07-24T12:21:11Z
apollohospitals,45266,Staff Nurse - 49527,"Regional Office - Telangana, Hyderabad","Regional Office - Telangana, Hyderabad",,,India,IN,+91,Not Disclosed,,,,,full_time,Nursing,nurses,hospital,Graduate,False,2026-07-06,2026-08-01,,https://cgs.fa.ap2.oraclecloud.com/hcmUI/CandidateExperience/en/sites/CX_2/job/45266,2026-07-24T12:21:13Z
apollohospitals,41068,Medical Officer - Critical Care Medicine,"Apollo Rajshree Hospital, Indore","Apollo Rajshree Hospital, Indore",Indore,Madhya Pradesh,India,IN,+91,Not Disclosed,,,,,full_time,Clinical,doctors,hospital,Graduate,False,2026-07-04,2026-07-30,,https://cgs.fa.ap2.oraclecloud.com/hcmUI/CandidateExperience/en/sites/CX_2/job/41068,2026-07-24T12:21:14Z
apollohospitals,45144,Clinical Nurse - Nursing,"Apollomedics Super Specialty Hospitals, Lucknow","Apollomedics Super Specialty Hospitals, Lucknow",Lucknow,Uttar Pradesh,India,IN,+91,Not Disclosed,,,,,full_time,Nursing,nurses,hospital,Diploma,False,2026-07-04,2026-09-01,"Job Purpose Qualification: Graduate; 1st division in 10th, 12th and GNM Nursing/BSc Nursing/M.Sc Nursing Relevant Experience: 3 months – 5 years of experience in field of Nursing assessing patient’s health problems, providing care to sick, disabled, recovering or injured patients, maintaining important medical records, implementing a nursing care plan and advising patients about maintaining health. Responsibilities Recording medical history and symptoms Administering medication and treatment Collaborating with teams for patient care Performing point of care tests Conducting nursing assessment Monitoring patient’s health Providing support and education to patient and family Maintaining inventory Providing bedside care Operating and care of medical equipment Attending regular in-service education Requirements and skills Interpersonal relationship skills Listening Team building Perceptual Communication Coordination and cooperation Initiative Moral support and physical approach to patient Computer literacy GNM Nursing/BSc Nursing/M.Sc Nursing",https://cgs.fa.ap2.oraclecloud.com/hcmUI/CandidateExperience/en/sites/CX_2/job/45144,2026-07-24T12:21:15Z
apollohospitals,44933,Executive - Information Technology,"Apollo Hospitals, Bilaspur","Apollo Hospitals, Bilaspur",Bilaspur,Chhattisgarh,India,IN,+91,Not Disclosed,,,,,full_time,Administration,non_clinical,hospital,Graduate,False,2026-07-03,2026-08-31,"Job Purpose Qualification: Graduate; 1st division in 10th, 12th and BE / MCA Relevant Experience: 3 + Years of experience in Responsibilities HIS software troubleshooting of all user problems from all departments HIS user. HIS software error's verification and Report to IT. HIS software management level task, user creation and Permission assigning. Developing My Apollo Web site. Making Patient Diagnostic Test Result available online. HIS Training to Department People and Preparing User manual of Module. Taking care of restoring data from main database server to My Apollo database Call receiving from all HIS user and giving solution on phone if it possible or personally going to handle the problem Developing the real time reports w.r.t HIS. Requirements and skills Familiarity with professional and technical emerging knowledge Problem solving skills and ability to multi-task. Compassionate with good communication skills. Excellent teamwork skills BE / MCA",https://cgs.fa.ap2.oraclecloud.com/hcmUI/CandidateExperience/en/sites/CX_2/job/44933,2026-07-24T12:21:16Z
apollohospitals,44658,Medical Officer - Critical Care Medicine,Apollo Hospitals - Rourkela,Apollo Hospitals - Rourkela,Rourkela,Odisha,India,IN,+91,Not Disclosed,,,,,full_time,Clinical,doctors,hospital,Graduate,False,2026-07-02,2026-08-01,,https://cgs.fa.ap2.oraclecloud.com/hcmUI/CandidateExperience/en/sites/CX_2/job/44658,2026-07-24T12:21:17Z
apollohospitals,44952,Resident - Clinical Administration - 23540,"Apollo Hospitals, Jubilee Hills, Hyderabad","Apollo Hospitals, Jubilee Hills, Hyderabad",Hyderabad,Telangana,India,IN,+91,Not Disclosed,,,,,full_time,Clinical,doctors,hospital,Graduate,False,2026-07-02,2026-07-30,"Job Purpose Qualification: Graduate; 1st division in 10th, 12th and GNM Nursing/BSc Nursing/M.Sc Nursing Relevant Experience: 8 + years of experience in field of Nursing, Charge nurse is responsible for smooth and efficient patient flow within the unit. Delegate assignment and provide supervision for the support staff in accordance with their level of training and the patient acuity. Works, in cooperation with the doctor to ensure quality of patient care. Responsibilities Develops and posts work schedule within time frame Provide direct patient care as needed Ensure standard of patient care through QA monitor Anticipate decision needs Communicate problems involving personnel, medical staff, patient, family and the general public to the appropriate management personnel. Schedule staff meeting on regular basis Complete annual and performance evaluation of staff Make an assignment based on the needs of the patient and capability of the staff Completes orientation/skill checklist within 90 days. Gathers data relevant to patient’s individual needs and age group Implements plan of care as developed by the providers Provides patient and family education Provides orientation to patient and performs initial assessment within one hour of admission Inventory management On the job training of staff Interdepartmental collaboration Resource management Retention and motivation of staff Leave management Requirements and skills Interpersonal relationship skills Listening Team building Perceptual Communication Coordination and cooperation Initiative Moral support and physical approach to patient Computer literacy GNM Nursing/BSc Nursing/M.Sc Nursing",https://cgs.fa.ap2.oraclecloud.com/hcmUI/CandidateExperience/en/sites/CX_2/job/44952,2026-07-24T12:21:19Z
apollohospitals,45102,Resident - Critical Care Medicine,"Apollo Hospitals, Bannerghatta Road, Bangalore","Apollo Hospitals, Bannerghatta Road, Bangalore",Bangalore,Karnataka,India,IN,+91,Not Disclosed,,,,,full_time,Clinical,doctors,hospital,Graduate,False,2026-07-02,2026-08-31,,https://cgs.fa.ap2.oraclecloud.com/hcmUI/CandidateExperience/en/sites/CX_2/job/45102,2026-07-24T12:21:20Z
apollohospitals,45103,Resident - Critical Care Medicine,"Apollo Hospitals, Bannerghatta Road, Bangalore","Apollo Hospitals, Bannerghatta Road, Bangalore",Bangalore,Karnataka,India,IN,+91,Not Disclosed,,,,,full_time,Clinical,doctors,hospital,Graduate,False,2026-07-02,2026-08-31,,https://cgs.fa.ap2.oraclecloud.com/hcmUI/CandidateExperience/en/sites/CX_2/job/45103,2026-07-24T12:21:21Z
apollohospitals,45104,Resident - Critical Care Medicine,"Apollo Hospitals, Bannerghatta Road, Bangalore","Apollo Hospitals, Bannerghatta Road, Bangalore",Bangalore,Karnataka,India,IN,+91,Not Disclosed,,,,,full_time,Clinical,doctors,hospital,Graduate,False,2026-07-02,2026-08-31,,https://cgs.fa.ap2.oraclecloud.com/hcmUI/CandidateExperience/en/sites/CX_2/job/45104,2026-07-24T12:21:22Z
apollohospitals,28774,Registered Nurse - Nursing,"Apollo Hospitals, Navi Mumbai","Apollo Hospitals, Navi Mumbai",Navi Mumbai,Maharashtra,India,IN,+91,Not Disclosed,,,,,full_time,Nursing,nurses,hospital,Graduate,False,2026-07-01,2026-07-31,"Job Purpose Qualification: Graduate; 1st division in 10th, 12th and GNM Nursing/BSc Nursing/M.Sc Nursing Relevant Experience: 3 months – 5 years of experience in field of Nursing assessing patient’s health problems, providing care to sick, disabled, recovering or injured patients, maintaining important medical records, implementing a nursing care plan and advising patients about maintaining health. Responsibilities Recording medical history and symptoms Administering medication and treatment Collaborating with teams for patient care Performing point of care tests Conducting nursing assessment Monitoring patient’s health Providing support and education to patient and family Maintaining inventory Providing bedside care Operating and care of medical equipment Attending regular in-service education Requirements and skills Interpersonal relationship skills Listening Team building Perceptual Communication Coordination and cooperation Initiative Moral support and physical approach to patient Computer literacy GNM Nursing/BSc Nursing/M.Sc Nursing",https://cgs.fa.ap2.oraclecloud.com/hcmUI/CandidateExperience/en/sites/CX_2/job/28774,2026-07-24T12:21:24Z
apollohospitals,45049,Assistant - Operations,"Apollo Rajshree Hospital, Indore","Apollo Rajshree Hospital, Indore",Indore,Madhya Pradesh,India,IN,+91,Not Disclosed,,,,,full_time,Administration,non_clinical,hospital,Graduate,False,2026-07-01,2026-07-29,,https://cgs.fa.ap2.oraclecloud.com/hcmUI/CandidateExperience/en/sites/CX_2/job/45049,2026-07-24T12:21:25Z
apollohospitals,44891,Resident - Medical Services,"Apollo Speciality Hospitals, Jayanagar, Bangalore","Apollo Speciality Hospitals, Jayanagar, Bangalore",Bangalore,Karnataka,India,IN,+91,Not Disclosed,,,,,full_time,Clinical,doctors,hospital,Graduate,False,2026-06-29,2026-07-31,Perform and document history & physical examination Formulate differential diagnosis Develops and documents initial plan of care* Modifies daily plan of care* Writes daily progress notes Obtain and document informed consent Order appropriate referrals* Order appropriate investigations,https://cgs.fa.ap2.oraclecloud.com/hcmUI/CandidateExperience/en/sites/CX_2/job/44891,2026-07-24T12:21:26Z
apollohospitals,44893,Customer Relations Coordinator - Billing,"Apollo Speciality Hospitals, Jayanagar, Bangalore","Apollo Speciality Hospitals, Jayanagar, Bangalore",Bangalore,Karnataka,India,IN,+91,Not Disclosed,,,,,full_time,Administration,non_clinical,hospital,Graduate,False,2026-06-29,2026-07-31,Attend all queries coming to the Front office by call or in-person Attend telephone calls politely and strictly adhering to telephone manners. Provide information regarding various preventive medical health Checkups. Fix appointments over phone/person/letter Regulate the patients coming for consultation. Handle the registration and billing process Receive patients with admission slip from the doctors,https://cgs.fa.ap2.oraclecloud.com/hcmUI/CandidateExperience/en/sites/CX_2/job/44893,2026-07-24T12:21:27Z
apollohospitals,40511,Medical Officer - Medical Services,"Apollo Hospitals, Nashik","Apollo Hospitals, Nashik",Maharashtra,,India,IN,+91,Not Disclosed,,,,,full_time,Clinical,doctors,hospital,Graduate,False,2026-06-28,2026-08-31,,https://cgs.fa.ap2.oraclecloud.com/hcmUI/CandidateExperience/en/sites/CX_2/job/40511,2026-07-24T12:21:29Z
apollohospitals,44841,Staff Nurse - Nursing - 48662,"Regional Office - Telangana, Hyderabad","Regional Office - Telangana, Hyderabad",Hyderabad,Telangana,India,IN,+91,Not Disclosed,,,,,full_time,Nursing,nurses,hospital,Graduate,False,2026-06-27,2026-08-01,,https://cgs.fa.ap2.oraclecloud.com/hcmUI/CandidateExperience/en/sites/CX_2/job/44841,2026-07-24T12:21:30Z
apollohospitals,44842,Staff Nurse - 39632,"Regional Office - Telangana, Hyderabad","Regional Office - Telangana, Hyderabad",Hyderabad,Telangana,India,IN,+91,Not Disclosed,,,,,full_time,Nursing,nurses,hospital,Graduate,False,2026-06-27,2026-08-01,"Job Purpose Qualification: Graduate; 1st division in 10th, 12th and GNM Nursing/BSc Nursing/M.Sc Nursing Relevant Experience: 3 months – 5 years of experience in field of Nursing assessing patient’s health problems, providing care to sick, disabled, recovering or injured patients, maintaining important medical records, implementing a nursing care plan and advising patients about maintaining health. Responsibilities Recording medical history and symptoms Administering medication and treatment Collaborating with teams for patient care Performing point of care tests Conducting nursing assessment Monitoring patient’s health Providing support and education to patient and family Maintaining inventory Providing bedside care Operating and care of medical equipment Attending regular in-service education Requirements and skills Interpersonal relationship skills Listening Team building Perceptual Communication Coordination and cooperation Initiative Moral support and physical approach to patient Computer literacy GNM Nursing/BSc Nursing/M.Sc Nursing",https://cgs.fa.ap2.oraclecloud.com/hcmUI/CandidateExperience/en/sites/CX_2/job/44842,2026-07-24T12:21:31Z
apollohospitals,44843,Staff Nurse - Nursing - 48668,"Apollo Hospitals, Jubilee Hills, Hyderabad","Apollo Hospitals, Jubilee Hills, Hyderabad",Hyderabad,Telangana,India,IN,+91,Not Disclosed,,,,,full_time,Nursing,nurses,hospital,Graduate,False,2026-06-27,2026-08-01,,https://cgs.fa.ap2.oraclecloud.com/hcmUI/CandidateExperience/en/sites/CX_2/job/44843,2026-07-24T12:21:33Z
apollohospitals,44853,Staff Nurse - Nursing - 48758,"Regional Office - Telangana, Hyderabad","Regional Office - Telangana, Hyderabad",Hyderabad,Telangana,India,IN,+91,Not Disclosed,,,,,full_time,Nursing,nurses,hospital,Graduate,False,2026-06-27,2026-08-01,,https://cgs.fa.ap2.oraclecloud.com/hcmUI/CandidateExperience/en/sites/CX_2/job/44853,2026-07-24T12:21:34Z
apollohospitals,44852,Technician - Nephrology - 12942,"Apollo Hospitals, Jubilee Hills, Hyderabad","Apollo Hospitals, Jubilee Hills, Hyderabad",Hyderabad,Telangana,India,IN,+91,Not Disclosed,,,,,full_time,Paramedical,non_clinical,hospital,Graduate,False,2026-06-27,2026-08-01,,https://cgs.fa.ap2.oraclecloud.com/hcmUI/CandidateExperience/en/sites/CX_2/job/44852,2026-07-24T12:21:35Z
apollohospitals,44726,Deputy Clinical Nurse - Nursing,"Apollomedics Super Specialty Hospitals, Lucknow","Apollomedics Super Specialty Hospitals, Lucknow",Lucknow,Uttar Pradesh,India,IN,+91,Not Disclosed,,,,,full_time,Nursing,nurses,hospital,Diploma,False,2026-06-26,2026-08-31,,https://cgs.fa.ap2.oraclecloud.com/hcmUI/CandidateExperience/en/sites/CX_2/job/44726,2026-07-24T12:21:36Z
apollohospitals,44723,Staff Nurse - Nursing - 48680,"Regional Office - Telangana, Hyderabad","Regional Office - Telangana, Hyderabad",Hyderabad,Telangana,India,IN,+91,Not Disclosed,,,,,full_time,Nursing,nurses,hospital,Graduate,False,2026-06-26,2026-08-01,,https://cgs.fa.ap2.oraclecloud.com/hcmUI/CandidateExperience/en/sites/CX_2/job/44723,2026-07-24T12:21:38Z
