source,job_id,title,raw_title,company,facility,department,city,country,salary_raw,salary_min_monthly,salary_max_monthly,salary_period_original,job_type,category,category_original,needs_review,posted_date,expires_at,description,job_url,scraped_at
medcare,23780,Head - Endoscopy,Head - Endoscopy for Medcare Hospital,Medcare Hospitals and Medical Centres,Medcare Hospital,,Dubai,United Arab Emirates,Not Disclosed,,,,full_time,nurses,Nursing,False,2024-09-18,,"Your Responsibilities: As a Head for Endoscopy Unit, your typical day may include the following:  Perform assessment, planning, planning, implementation and evaluation process of patient in endoscopy unit.  Skill full in basic and advance procedures such as pre op, time out and post op care , observing, monitoring and care of patients pre, during and post sedation, specimen labeling and handling, managing patient with hemodynamic monitoring.  Taking care of scopes and disinfecting process and assessing the functioning of the scopes before procedures.  overseeing the day-to-day operations, ensuring efficient workflow, coordinating patient care, and fostering a collaborative environment.",https://hcdt.fa.us2.oraclecloud.com/hcmUI/CandidateExperience/en/sites/CX/job/23780,2026-07-24T12:39:40Z
medcare,21941,Registerd Nurse - Operation Theatre,Registerd Nurse.Operation Theatre.Medcare Orthopedics and Spine Hospital (Br),Medcare Hospitals and Medical Centres,Medcare Orthopedics and Spine Hospital,Operation Theatre,Dubai,United Arab Emirates,Not Disclosed,,,,full_time,nurses,Nursing,False,2024-09-11,,"Your Responsibilities: As a Resident Nurse, Operation Theatre, your typical day may include the following:  Provide surgical patients with perioperative care in recovery, procedure and operating room.  Stock operating rooms with sterile surgical equipment, linen and supplies.  Develop and implement care plans for surgical patients.  Prepare patients for surgery by cleaning and disinfecting areas to be operated on.  Assist surgeons during surgical procedures.  Apply sterile techniques in handling surgical instruments and equipment during preoperative, intraoperative and postoperative stages.  Collaborate with surgical teams and other medical professionals on patient medication and post-surgery care.  Awareness in specimen handling and labeling.  Assist with the ordering, maintenance, and safe storage of surgical equipment and supplies.  Provide patients with post -surgery care instructions and answering questions.  Maintain records and documentation in patient management system such as HIS.  Collaborate with surgical teams and healthcare specialist.  Interpersonal communication with all stakeholders.",https://hcdt.fa.us2.oraclecloud.com/hcmUI/CandidateExperience/en/sites/CX/job/21941,2026-07-24T12:39:41Z
medcare,25172,Medical Coder,Medical Coder,Medcare Hospitals and Medical Centres,,,Dubai,United Arab Emirates,Not Disclosed,,,,full_time,non_clinical,Enabling & Support,False,2024-09-11,,"PRIMARY FUNCTION: The incumbent performs highly technical and specialized medical coding functions for the Hospital and DHA Authority. The employee reviews, analyzes, and codes diagnostic and procedural information that determines almost near without errors. The primary function of this is to perform ICD – 10CM, CPT and other coding for patient diseases. The coding function is a primary source for data and information used in health care today, and promotes provider/patient continuity, accurate database information, and the ability to optimize Hospital quality standards. The coding function also ensures compliance with established coding guidelines, DHA policies, regulation and JCI accreditation guidelines. Knowledge of anatomy, physiology and medical terminology commensurate with ability to correctly code provider services and diagnoses.",https://hcdt.fa.us2.oraclecloud.com/hcmUI/CandidateExperience/en/sites/CX/job/25172,2026-07-24T12:39:42Z
medcare,16884,Registered Nurse - Dental,Registered Nurse - Dental,Medcare Hospitals and Medical Centres,,,Dubai,United Arab Emirates,Not Disclosed,,,,full_time,nurses,Nursing,False,2024-08-23,,"Duties & responsibilities include but not limited to: Providing oral health education to patients Using a variety of dental instruments to scale, polish and clean teeth Removing plaque and applying treatments to remove or reduce decay Ensuring that dental tools and instruments are sterilised appropriately Taking radiographs and impressions of teeth and giving local anaesthetic under the Dentist’s supervision Applying temporary sealants and coatings to protect teeth Collecting dental and medical histories and maintaining health records of patients Working to a professional code of ethics and keeping up to date with recent developments within the industry",https://hcdt.fa.us2.oraclecloud.com/hcmUI/CandidateExperience/en/sites/CX/job/16884,2026-07-24T12:39:44Z
medcare,25263,Cast Technician,Cast Technician for Medcare Orthopedics and Spine Hospital (Br),Medcare Hospitals and Medical Centres,Medcare Orthopedics and Spine Hospital,,Dubai,United Arab Emirates,Not Disclosed,,,,full_time,non_clinical,Paramedical,False,2024-08-06,,"Duties and Responsibilities: Must be able to perform each essential function effectively to be successful in this position: 1. Applies casts using a variety of materials, including plaster and synthetic casting materials and high and low temperature plastics, with minimal or no supervision  Applies appropriate cast/splint per physician order using appropriate casting/splint material with body in appropriate position.  Shapes cast to ensure maximum comfort and minimum unnecessary pressures.  Trims and remodels cast to ensure comfort and fit with cast knife, cast cutter, and cast spreader to remove parts of cast and to enlarge cast to decrease pressure in swollen area.  Performs appropriate documentation and patient education related to cast or splinting and as directed by Physician or Registered Nurse.  Performs casting for diabetic ulcers. 2. Assists in Outpatient Clinic, Operating Theatre, Inpatient Units and Emergency room  Assists physician with application of cast when necessary.  Applies prescribed cast to patient according to physician order.  Provides cast modification as needed.  Instructs patient regarding cast care. 3. Maintains supplies, tools and equipment  Cleans procedure tables, work areas and tools according to schedules. Cleans general equipment according to guidelines  Stocks the procedure rooms according to schedules and as needed.  Reports non-functioning or defective equipment to supervisor and submits repair request.  Maintain inventory of all relevant cast materials. 4. Performs team member responsibilities  Communicates effectively with patients/families and the hospital team in a manner that promotes positive working relationships.  Within defined standards and with minimal supervision, problem solves and makes decisions about patient care issues as an active team member.  Provide organisational and clerical support to facilitate optimal patient care and hospital operation.  Recognises own needs for personal development and continuing professional growth.  Sets objectives for individual performance evaluation annually.",https://hcdt.fa.us2.oraclecloud.com/hcmUI/CandidateExperience/en/sites/CX/job/25263,2026-07-24T12:39:45Z
medcare,23894,Nursing Officer - Ward,Nursing Officer.Ward.Medcare Women and Children Hospital (Br),Medcare Hospitals and Medical Centres,Medcare Women and Children Hospital,Ward,Dubai,United Arab Emirates,Not Disclosed,,,,full_time,nurses,Nursing,False,2024-07-01,,Duties and responsibilities: . Budgeting the required equipment 2. Manage the day to day operations of the unit 3. Overall supervision of the unit 4. Ensure the assigned staffs are practising as per the job description and competency 5. Supervision on stock management 6.Develop required sop s for the unit 7. Monitor the staffs for their current practice 8. Guidance and counselling of the staff 9. Coordinate for interview education 10. Team management 11. Problem solving and conflict management 12. Supervise the dietary requirement if the patient 13. Daily patient rounds and collect feed back 14. Prepare the unit for regulatory requirements and accreditation 15. Ensure staff well-being 16. Goal setting for staffs 17. Annual Appraisal and appraise the staff as and when required 18.participate for unit interview,https://hcdt.fa.us2.oraclecloud.com/hcmUI/CandidateExperience/en/sites/CX/job/23894,2026-07-24T12:39:47Z
medcare,23241,Registered Nurse,Registered Nurse for Tilal Al Ghaf,Medcare Hospitals and Medical Centres,Tilal Al Ghaf,,Dubai,United Arab Emirates,Not Disclosed,,,,full_time,nurses,Nursing,False,2024-06-06,,"Your Responsibilities: As a Resident Nurse, Out Patient Department, your typical day may include the following:  Perform assessment, planning, implementation and evaluation process in Out Patient unit.  Skillful in basic procedures such as performing blood sampling ,recording of 12 lead ECG taking care of patient under diagnostic and therapeutic radiology investigation , wound dressing ,vitals assessment and management of medication.  Knowledge about the vaccination protocol and departmental specific procedures.  Assisting the consultant for departmental specific procedures.  Providing health education to patient and family members. Education & Experience:  Bachelor's/Master’s in nursing.  Valid registration from state nursing council.  Minimum 2 years experience in relevant field.  Proven problem solving skills and ability to multi-task.  Should be compassionate with good communication skill",https://hcdt.fa.us2.oraclecloud.com/hcmUI/CandidateExperience/en/sites/CX/job/23241,2026-07-24T12:39:48Z
medcare,22566,Business Development Executive,Business Development Executive,Medcare Hospitals and Medical Centres,,,Dubai,United Arab Emirates,Not Disclosed,,,,full_time,non_clinical,Enabling & Support,False,2024-05-07,,Your Responsibilities: · Identify corporates in periphery of Med-Care and Aster Hospitals. · Develop relations with key opinion leaders in the corporate sector. · Implement corporate wellness initiatives. · Identify avenues to pitch healthcare services to the corporates. · Research and identify new market opportunities. · Collaborate with team members to achieve better results. · Achieve revenue responsibilities in terms of corporate business. - Corporate Tie ups and Revenue Generation - Corporate Engagement Programs -Clinic Retail promotions -Referral business for Eye centre,https://hcdt.fa.us2.oraclecloud.com/hcmUI/CandidateExperience/en/sites/CX/job/22566,2026-07-24T12:39:50Z
medcare,20159,Registered Nurse - NICU & OT,Registered Nurse.NICU & OT.Medcare Women and Children Hospital (Br),Medcare Hospitals and Medical Centres,Medcare Women and Children Hospital,NICU & OT,Dubai,United Arab Emirates,Not Disclosed,,,,full_time,nurses,Nursing,False,2024-01-30,,"Your Responsibilities: As a Resident Nurse, Neonatal Intensive Care Unit, your typical day may include the following: · Perform assessment, planning, implementation and evaluation process in NICU unit. · Skill-full in basic and advance procedures such as managing neonates on ventilator , continuous positive airway pressure (CPAP) & high flow nasal cannula (HFNC ), hemodynamic monitoring, taking anthropometric measurements , cord and eye care , blood gas sampling analysis , E.T & tracheostomy suctioning , nasogastric tubes, caring all central lines and babies in body cool machine, activating code pink ,I/V cannulation , blood sampling and drug and fluid calculation . · Handling neonates on photo therapy, incubator and baby with Rh -ve mothers. · Demonstrate competency in care of critically ill new born such as preterm babies , post term babies and Low Birth Babies. · Assist in blood transfusion procedure , feeding, breastfeeding, storage of breast milk, and monitor the hydration status, umbilical artery catheterization ,umbilical venous catheterization · Demonstrate competency in neonatal resuscitation. · Ensure the safe transportation of neonates to nursery / ICU / Ward and sterilization of all feeding equipment. · Knowledgeable about the immunization schedule. Your Responsibilities: As a Resident Nurse, Operation Theatre , your typical day may include the following: · Provide surgical patients with perioperative care in recovery, procedure and operating room. · Stock operating rooms with sterile surgical equipment, linen and supplies. · Develop and implement care plans for surgical patients. · Prepare patients for surgery by cleaning and disinfecting areas to be operated on. · Assist surgeons during surgical procedures. · Apply sterile techniques in handling surgical instruments and equipment during preoperative, intraoperative and postoperative stages. · Collaborate with surgical teams and other medical professionals on patient medication and post-surgery care. · Awareness in specimen handling and labeling. · Assist with the ordering, maintenance, and safe storage of surgical equipment and supplies. · Provide patients with post -surgery care instructions and answering questions. · Maintain records and documentation in patient management system such as HIS. · Collaborate with surgical teams and healthcare specialist. · Interpersonal communication with all stakeholders.",https://hcdt.fa.us2.oraclecloud.com/hcmUI/CandidateExperience/en/sites/CX/job/20159,2026-07-24T12:39:51Z
medcare,19950,Charge Nurse - Nursing Services,Charge Nurse.Nursing Services.Medcare Hospital (Br),Medcare Hospitals and Medical Centres,Medcare Hospital,Nursing Services,Dubai,United Arab Emirates,Not Disclosed,,,,full_time,nurses,Nursing,False,2023-12-21,,"Responsibilities include but not limited to: Directs and coordinates activities of Patient Care Administration within Intensive Care Unit. Responsible for the recommendation, development and implementation of policies and procedures in ICU, and for keeping their seniors informed of both progress and potential problems. Overall supervision of ICU department.",https://hcdt.fa.us2.oraclecloud.com/hcmUI/CandidateExperience/en/sites/CX/job/19950,2026-07-24T12:39:52Z
medcare,20934,Technician - Cardiology,Technician.Cardiology.Medcare Royal Speciality Hospital (Br of Aster DM Healthcare FZC),Medcare Hospitals and Medical Centres,Medcare Royal Speciality Hospital,Cardiology,Dubai,United Arab Emirates,Not Disclosed,,,,full_time,non_clinical,Paramedical,False,2023-12-21,,"Noninvasive cardiology technologists help perform echocardiography, electrocardiograms, stress tests, and other imaging exams for patients with cardiac disease . Peripheral vascular sonographers use noninvasive ultrasound equipment to record data on blood flow through the peripheral vasculature.",https://hcdt.fa.us2.oraclecloud.com/hcmUI/CandidateExperience/en/sites/CX/job/20934,2026-07-24T12:39:54Z
medcare,18777,Registered Nurse - Endoscopy,Registered Nurse.Endoscopy.Medcare Hospital Sharjah (Br),Medcare Hospitals and Medical Centres,Medcare Hospital Sharjah,Endoscopy,Sharjah,United Arab Emirates,Not Disclosed,,,,full_time,nurses,Nursing,False,2023-12-06,,,https://hcdt.fa.us2.oraclecloud.com/hcmUI/CandidateExperience/en/sites/CX/job/18777,2026-07-24T12:39:55Z
medcare,15464,Functional Nutritionist,Functional Nutritionist for Wellth By Medcare(Br of Medcare Hospital (L.L.C)),Medcare Hospitals and Medical Centres,Wellth By Medcare,,Dubai,United Arab Emirates,Not Disclosed,,,,full_time,non_clinical,Paramedical,False,2023-10-06,,"Responsibilities include but not limited to: to incorporate functional medicine principles in their practice to help clients address their unique health concerns and prevent symptoms with a proactive rather than reactive approach. Help clients identify their particular health goals Evaluate clients’ lifestyle factors that could be affecting their health, such as diet, environment, exercise and more Collaborate with clients to create nutrition plans and other lifestyle adjustments to help achieve their goals Order labs and other diagnostic tools Monitor and document patients’ progress Educate the client on ways to improve their health given their unique needs, goals and limitations",https://hcdt.fa.us2.oraclecloud.com/hcmUI/CandidateExperience/en/sites/CX/job/15464,2026-07-24T12:39:57Z
medcare,16848,Registered Nurse - Medcare Medical Centre District One,Registered Nurse - Medcare Medical Centre District One,Medcare Hospitals and Medical Centres,,,Dubai,United Arab Emirates,Not Disclosed,,,,full_time,nurses,Nursing,False,2023-08-08,,"Your Role: The Resident Nurse, Out Patient Department will record vital signs, assist doctors with a diagnosis, and complete paperwork. The role will ill provide direct nursing care along with physical or psychological support as and when required. As a Resident Nurse, Out Patient Department, your typical day may include the following: Perform assessment, planning, implementation and evaluation process in Out Patient unit. Skillful in basic procedures such as performing blood sampling ,recording of 12 lead ECG taking care of patient under diagnostic and therapeutic radiology investigation wound dressing ,vitals assessment and management of medication. Knowledge about the vaccination protocol and departmental specific procedures. Assisting the consultant for departmental specific procedures. Providing health education to patient and family members.",https://hcdt.fa.us2.oraclecloud.com/hcmUI/CandidateExperience/en/sites/CX/job/16848,2026-07-24T12:39:58Z
medcare,14697,Dental Nurse - Nursing Services,Dental Nurse.Nursing Services.Medcare Medical Centre Barsha South (Br),Medcare Hospitals and Medical Centres,Medcare Medical Centre Barsha South,Nursing Services,Dubai,United Arab Emirates,Not Disclosed,,,,full_time,nurses,Nursing,False,2023-04-27,,"Duties & Responsibilities: Perform a physical assessment on each patient, paying special attention to the teeth. Assist the physician in the performance of skin exams, monitor and record a patient's medical history, and be aware of relevant test results. Assist the dentist with outpatient and surgical dental procedures. Preparing fillings, other materials and sterilizing the instruments. Provide pre- and post-operative care for clients who are undergoing treatment for a variety of dental & gum diseases. Assist with procedures using specialized medical equipment, including cosmetic dental procedures. Educate each patient on oral hygiene.",https://hcdt.fa.us2.oraclecloud.com/hcmUI/CandidateExperience/en/sites/CX/job/14697,2026-07-24T12:40:00Z
medcare,15261,Audiologist - ENT,Audiologist.ENT.MedcareHospitalSharjah(Br),Medcare Hospitals and Medical Centres,Medcare Hospital Sharjah,ENT,Sharjah,United Arab Emirates,Not Disclosed,,,,full_time,non_clinical,Paramedical,False,2023-04-14,,"Your Responsibilities: · Counsel and instruct clients in techniques to improve hearing or speech impairment. · Evaluate hearing and speech/language disorders to determine diagnoses and courses of treatment. · Fit and dispense assistive devices, such as hearing aids. · Maintain client records at all stages, including initial evaluation and discharge. · Monitor clients' progress and discharge them from treatment when goals have been attained. · Plan and conduct treatment programs for clients' hearing or speech problems, consulting with physicians, nurses, psychologists, and other health care personnel as necessary. · Recommend assistive devices according to clients' needs or nature of impairments. · Refer clients to additional medical or educational services if needed. · Advise educators or other medical staff on speech or hearing topics. · Conduct or direct research on hearing or speech topics and report findings to help in the development of procedures, technology, or treatments. · Develop and supervise hearing screening programs. · Educate and supervise audiology students and health care personnel. · Fit and tune cochlear implants, providing rehabilitation for adjustment to listening with implant amplification systems. · Instruct clients, parents, teachers, or employers in how to avoid behavior patterns that lead to miscommunication. · Participate in conferences or training to update or share knowledge of new hearing or speech disorder treatment methods or technologies. · Measure noise levels in workplaces and conduct hearing protection programs in industry, schools, and communities. · Work with multi-disciplinary teams to assess and rehabilitate recipients of implanted hearing devices. Education & Experience: · BSc in Audiology is a must. · Diploma in post graduate will be preferred. · 3-5 years experience in similar position and in a hospital set up will be preferred. · Strong communication skills are required. · Must be a computer literate. · MOH license/Evaluation letter is a must. · Fluent in English is required. Arabic is preferred.",https://hcdt.fa.us2.oraclecloud.com/hcmUI/CandidateExperience/en/sites/CX/job/15261,2026-07-24T12:40:01Z
medcare,11169,Dental Nurse,Dental Nurse,Medcare Hospitals and Medical Centres,,,Dubai,United Arab Emirates,Not Disclosed,,,,full_time,nurses,,False,2022-08-05,,"Duties & Responsibilities: Perform a physical assessment on each patient, paying special attention to the teeth. Assist the physician in the performance of skin exams, monitor and record a patient's medical history, and be aware of relevant test results. Assist the dentist with outpatient and surgical dental procedures. Preparing fillings, other materials and sterilizing the instruments. Provide pre- and post-operative care for clients who are undergoing treatment for a variety of dental & gum diseases. Assist with procedures using specialized medical equipment, including cosmetic dental procedures. Educate each patient on oral hygiene.",https://hcdt.fa.us2.oraclecloud.com/hcmUI/CandidateExperience/en/sites/CX/job/11169,2026-07-24T12:40:02Z
medcare,11170,Registered Nurses,Registered Nurses,Medcare Hospitals and Medical Centres,,,Dubai,United Arab Emirates,Not Disclosed,,,,full_time,nurses,,False,2022-08-05,,"Ensure delivery of patient care through implementation of prescribed medication and monitoring effects • Provide nursing care to patients based on established clinical practice standards • Record & register patient’s medical information & complete pre examination records • Prepare examination room, ensure comfortable environment & adequate supply of materials and equipment • Prepare the patient for examination / procedures & provide privacy • Ensure that patients / family are provided with adequate and appropriate information and reassurance and consent is taken prior to medical and nursing intervention • Assist the physician in examining the patient • Carry out/facilitate any investigations as advised • Administer medicine, injections, hot water bottles • Prepare injections and clearing up • Collect, interpret, and evaluate diagnostic tests to identify patient’s condition • Provide technical procedures like dressings, Nebulisation,O2 therapy, preparing for and clearing up after procedure • Communicate to the patient and doctor of the reports with the deviations from normal values. • Consult and coordinate with other healthcare team members to plan, implement and evaluate patient care. • Monitor patients in observation room, and assist in transfer/referrals if required • Provide first aid and immunizations as required • Provide need based care and services according to the scope and standards of nursing practice. • Evaluate response to care, treatment and education and re-plan as required • Document with clarity & accuracy the care provided with • Ensure safety of the patients, self, and co-workers while in the clinic. • Ensure ethical accountability and legal compliance in all actions. • Demonstrate clinical competence in all aspect of patient care • Prepare for and assist in clinical tests and medical procedure • GRBS testing • Collect labelling and dispatching of specimens • Escort patients to and from departments like front office, laboratory, radiology, insurance etc. • Prepare surgical supplies, bandage, splint etc • Take care of clean and soiled linens • Take routine care and cleaning of dressing trolleys, cupboards, instruments and equipment’s • Triaging patients",https://hcdt.fa.us2.oraclecloud.com/hcmUI/CandidateExperience/en/sites/CX/job/11170,2026-07-24T12:40:04Z
medcare,8424,Registered Nurse - Nursing Services,Registered Nurse.Nursing Services.Medcare Hospital Sharjah (Br),Medcare Hospitals and Medical Centres,Medcare Hospital Sharjah,Nursing Services,Sharjah,United Arab Emirates,Not Disclosed,,,,full_time,nurses,Nursing,False,2022-03-03,,"Responsibilities include but not limited to: Obtains and documents a patient assessment which incorporates all available data/information. Utilizes techniques of observation, interview, measurement and physical examination in making an assessment. Assesses family adaptation, coping skills and the need for crisis or other intervention. Updates the nursing care plan continually as patient status demands. Commences discharge planning as soon as it is feasible in co-operation with patient and significant others. Delivers care using the nursing process, setting priorities in the delivery of care. Delegates and supervise nursing care delivered by junior Staff Nurses. Co-ordinates care delivered by other health professionals. Provides care in a non-judgmental, non-discriminatory manner that is sensitive to the adult or elderly patient’s and family’s diversity, preserving their autonomy, dignity and rights and is culturally competent. Reports patient condition to appropriate personnel during each shift Provide family-centered care by communicating with the family regarding the changing health care needs of their family member Communicates evaluation and subsequent plan to patient/significant others and healthcare team Demonstrate excellent skills in triaging the patients. Follow appropriate algorithm in emergency management (BLS, ACLS, PALS, PEARS, NRP) Effectively cannulate the patients and ensures hydration. Ensure safe transportation of critically ill patients with lifesaving equipment’s. To have awareness and handles all medico legal cases and its sample dispatch. Assist in ambulance service to transport patient in and out. Demonstrate skill to transfer out patient to concern department as per the doctor’s instructions with a detailed hand over to the respective nursing staff. Ensure safe transportation of critically ill patients with lifesaving equipment’s. Be capable to handle patients with road traffic accident, burns and poisoning To have awareness and handles all medico legal cases and its sample dispatch. To have sound knowledge on GLASCOW COMA scale. Support in implementing and managing the budget as per the plan Support in planning activities based on the budget Inform Nurse Manager/Head Nurse of malfunctioning equipment and utilize resources effectively and efficiently Maintains confidentiality of patients’ information Adheres to the safety protocols of the hospital and ensures safety of the patients. Guides and supervises the work of nurse associate. Delegates tasks to the nurse associate and other health care assistants rationally. Works collaboratively and support efforts of team members Handles medico legal cases according to the organization’s protocols. Follows strict infection control protocols and takes responsibility in ensuring quality control related to quality monitors Provides end of life care according to the culture of people Demonstrates exceptional customer service and interact effectively with physicians, patients, visitors",https://hcdt.fa.us2.oraclecloud.com/hcmUI/CandidateExperience/en/sites/CX/job/8424,2026-07-24T12:40:05Z
medcare,1684,Associate - Insurance,Associate.Insurance.Medcare Hospital (Br),Medcare Hospitals and Medical Centres,Medcare Hospital,Insurance,Dubai,United Arab Emirates,Not Disclosed,,,,full_time,non_clinical,Enabling & Support,False,2021-09-26,,"Strategic Planning and Leadership Actively participates in the strategic planning process by establishing strategic direction and prioritizing of strategic initiatives. Assists in the development of short and long range institutional goals in accordance with the hospital's mission, vision, values and strategic direction Provides leadership in hospital-wide Quality, Performance Improvement and Service Excellence initiatives. Provides leadership to the hospital's Service Excellence program Execute employee career planning and growth agendas Motivate and challenge hospital employees, delegates effectively, communicate effectively, rewards contributions and manages collaboratively Promotes a work environment that reflects a positive atmosphere, high employee satisfaction and competence and strong evidence of teamwork Develops an understanding of the physician needs, attitudes, and objectives to blend those with the functions and strategic objectives of the hospital Maintain regulatory requirements, including all Joint Commission, NABH and ISO Compliance Plan Operational Excellence Identifying and addressing deviations and its relevant causes Responsible For EBIDTA of the Unit Identifying and concentrating on profitable service lines Monitoring costs to keep them at a optimum level Accountable for delivery of committed quality services Implementation of policies and standard operating processes for obtaining various quality certifications Investigate any operational issue/complaints and giving proper recommendations towards quality Defining parameters for the measurement of service quality Devising and implementing control mechanisms to address variances Implementing review and control mechanisms Establishing MIS in critical areas to help reporting and problem solving Budget Planning Prepares and manages according to fiscal year budget plans, ensuring that the budget planning process correctly identifies operational needs of all departments within the hospital and that the Vice Presidents operate within the approved fiscal year budget Promotes complete involvement of the departments’ heads in the preparation of the departments’ budgets and educates them in the importance of the budget, forecasting and planning process Advises and makes recommendations to the CEO concerning budget, cost, and financial matters and encourages and assists department heads in establishing a measure of performance, increased productivity, quality improvement, cost controls, and maximum utilization of facilities Insurance Management Oversees and negotiates coverage and policies in terms of rate with different insurance companies, alongside analyzing and assessing insurance applications and deciding the best fit for various projects. Leading the preparation of insurance specifications to market insurance programs and consult with insurance brokers to negotiate the required insurance coverage and various other risk transfer possibilities for the company. Oversee and increase O",https://hcdt.fa.us2.oraclecloud.com/hcmUI/CandidateExperience/en/sites/CX/job/1684,2026-07-24T12:40:07Z
medcare,1422,"General Practitioner - Accident, Emergency And Trauma","General Practitioner.Accident, Emergency And Trauma.Medcare Hospital Sharjah (Br)",Medcare Hospitals and Medical Centres,Medcare Hospital Sharjah,"Accident, Emergency And Trauma",Sharjah,United Arab Emirates,Not Disclosed,,,,full_time,doctors,Clinicians,False,2020-11-29,,,https://hcdt.fa.us2.oraclecloud.com/hcmUI/CandidateExperience/en/sites/CX/job/1422,2026-07-24T12:40:08Z
