post_id,title,company
48971,Mubadala Health Careers,Mubadala Health
17492,Fakeeh University Hospital Careers,Fakeeh University Hospital
33728,National Guard Hospital Careers,National Guard Hospital
16908,Reem Hospital Careers,Reem Hospital
17973,NMC Healthcare Careers,NMC Healthcare
33761,Al Dhannah Hospital Careers,Al Dhannah Hospital
20527,Danat Al Emarat Hospital Careers,Danat Al Emarat Hospital
32106,Dubai Medical University Hospital Jobs,Dubai Medical University Hospital
14763,Burjeel Hospital Careers,Burjeel Hospital
10693,Lifeline Clinic Jobs In Dubai UAE,Lifeline Clinic
49665,HMS Al Garhoud Hospital Careers,HMS Al Garhoud Hospital
16007,Canadian Hospital Careers,Canadian Hospital
48974,Sheikh Sultan Bin Zayed Hospital Careers,Sheikh Sultan Bin Zayed Hospital
39115,Emirates hospital careers,Emirates hospital
21051,Valiant Clinic Jobs,Valiant Clinic
50171,Central Hospital Sharjah Careers,Central Hospital Sharjah
44810,Burjeel Medical City Careers,Burjeel Medical City
19127,Medcare Hospital Careers,Medcare Hospital
40793,Global Care Hospital Careers,Global Care Hospital
21104,Sheikh Khalifa General Hospital Jobs,Sheikh Khalifa General Hospital
40616,Amina Hospital Careers,Amina Hospital
41336,Gmc Hospital Careers,Gmc Hospital
32559,Clemenceau Medical Center Careers,Clemenceau Medical Center
32381,Qatar Military Hospital Vacancies,Qatar Military Hospital
9108,Saudi German Hospital Careers in Dubai,Saudi German Hospital
45208,Dr Soliman Fakeeh Hospital Careers,Dr Soliman Fakeeh Hospital
35328,Burjeel Holding Careers,Burjeel Holding
32414,VPS Healthcare Careers,VPS Healthcare
14859,Seha Emirates Hospital Careers,Seha Emirates Hospital
45031,Millennium Hospital Careers,Millennium Hospital
29643,Almana Hospitals Jobs,Almana Hospitals
9844,Dubai London Clinic Jobs In Dubai,Dubai London Clinic
40288,HMS Mirdif Hospital Careers,HMS Mirdif Hospital
27436,Burjeel Royal Hospital Careers,Burjeel Royal Hospital
32606,Health Point Hospital Careers,Health Point Hospital
46099,Dr Samir Abbas Hospital Careers,Dr Samir Abbas Hospital
40291,Sheikh Shakhbout Medical City Careers,Sheikh Shakhbout Medical City
20953,Al Ahli Hospital Careers,Al Ahli Hospital
41333,Shifa Al Jazeera Medical Centre Careers,Shifa Al Jazeera Medical Centre
44928,NMC Royal Hospital Careers,NMC Royal Hospital
32430,Corniche Hospital Careers,Corniche Hospital
29645,Dr Sulaiman Al Habib Hospital Jobs In UAE,Dr Sulaiman Al Habib Hospital
46138,King Fahad Medical City Careers,King Fahad Medical City
40124,M42 Health Careers,M42 Health
20904,Zayed Military Hospital Careers,Zayed Military Hospital
32378,Universal Hospital Abu Dhabi Careers,Universal Hospital Abu Dhabi
20731,International Modern Hospital Careers,International Modern Hospital
47134,SEHA Sheikh Tahnoon Bin Mohammed Medical City Careers,SEHA Sheikh Tahnoon Bin Mohammed Medical City
18440,Medeor Hospital Careers,Medeor Hospital
9172,Al Zahra Hospital Careers In Dubai,Al Zahra Hospital
46325,Mafraq Hospital Careers,Mafraq Hospital
44894,LLH Hospital Careers,LLH Hospital
32123,Canadian Medical Center Jobs In UAE,Canadian Medical Center
32919,King Faisal Specialist Hospital Careers,King Faisal Specialist Hospital
42162,Prime Healthcare Group Careers,Prime Healthcare Group
21014,Overlake Hospital Jobs In USA & UK,Overlake Hospital
20722,Oriana Hospital Careers In UAE,Oriana Hospital
46103,National Medical Care Careers,National Medical Care
41761,Dubai Healthcare City Careers,Dubai Healthcare City
